actual_id,unit_id,month,year,actual_rent_aed,payment_status,days_late
A0001,U001,1,2024,4666,Paid,0
A0002,U001,2,2024,4576,Paid,0
A0003,U001,3,2024,4535,Paid,0
A0004,U001,4,2024,4611,Paid,0
A0005,U001,5,2024,4692,Paid,0
A0006,U001,6,2024,4672,Paid,0
A0007,U001,7,2024,4620,Paid,0
A0008,U001,8,2024,4663,Paid,0
A0009,U001,9,2024,4608,Paid,0
A0010,U001,10,2024,4687,Paid,0
A0011,U001,11,2024,4631,Paid,0
A0012,U001,12,2024,4658,Paid,0
A0013,U002,1,2024,4546,Late,27
A0014,U002,2,2024,4644,Paid,0
A0015,U002,3,2024,4546,Late,15
A0016,U002,4,2024,4514,Paid,0
A0017,U002,5,2024,4554,Paid,0
A0018,U002,6,2024,4582,Paid,0
A0019,U002,7,2024,4546,Late,21
A0020,U002,8,2024,4601,Paid,0
A0021,U002,9,2024,4459,Paid,0
A0022,U002,10,2024,4501,Paid,0
A0023,U002,11,2024,4629,Paid,0
A0024,U002,12,2024,4559,Paid,0
A0025,U003,1,2024,6450,Paid,0
A0026,U003,2,2024,6309,Paid,0
A0027,U003,3,2024,3660,Arrears,56
A0028,U003,4,2024,6381,Late,18
A0029,U003,5,2024,6317,Paid,0
A0030,U003,6,2024,6282,Paid,0
A0031,U003,7,2024,6315,Paid,0
A0032,U003,8,2024,6332,Paid,0
A0033,U003,9,2024,6295,Paid,0
A0034,U003,10,2024,6394,Paid,0
A0035,U003,11,2024,6384,Paid,0
A0036,U003,12,2024,6313,Paid,0
A0037,U004,1,2024,13083,Paid,0
A0038,U004,2,2024,12995,Paid,0
A0039,U004,3,2024,13145,Paid,0
A0040,U004,4,2024,13153,Paid,0
A0041,U004,5,2024,13066,Paid,0
A0042,U004,6,2024,13062,Late,8
A0043,U004,7,2024,13006,Paid,0
A0044,U004,8,2024,13066,Paid,0
A0045,U004,9,2024,13015,Paid,0
A0046,U004,10,2024,13043,Paid,0
A0047,U004,11,2024,13021,Paid,0
A0048,U004,12,2024,12992,Paid,0
A0049,U005,1,2024,8988,Paid,0
A0050,U005,2,2024,8972,Paid,0
A0051,U005,3,2024,8982,Paid,0
A0052,U005,4,2024,9066,Paid,0
A0053,U005,5,2024,9072,Paid,0
A0054,U005,6,2024,9064,Paid,0
A0055,U005,7,2024,9016,Paid,0
A0056,U005,8,2024,9065,Paid,0
A0057,U005,9,2024,9072,Paid,0
A0058,U005,10,2024,9028,Paid,0
A0059,U005,11,2024,9137,Paid,0
A0060,U005,12,2024,9154,Paid,0
A0061,U006,1,2024,6518,Late,27
A0062,U006,2,2024,6473,Paid,0
A0063,U006,3,2024,6600,Paid,0
A0064,U006,4,2024,6481,Paid,0
A0065,U006,5,2024,6530,Paid,0
A0066,U006,6,2024,6438,Paid,0
A0067,U006,7,2024,6525,Paid,0
A0068,U006,8,2024,6483,Paid,0
A0069,U006,9,2024,6518,Late,14
A0070,U006,10,2024,6500,Paid,0
A0071,U006,11,2024,6554,Paid,0
A0072,U006,12,2024,6518,Late,13
A0073,U007,1,2024,9145,Paid,0
A0074,U007,2,2024,9197,Paid,0
A0075,U007,3,2024,9138,Paid,0
A0076,U007,4,2024,9195,Paid,0
A0077,U007,5,2024,9199,Paid,0
A0078,U007,6,2024,9153,Paid,0
A0079,U007,7,2024,9127,Paid,0
A0080,U007,8,2024,9129,Paid,0
A0081,U007,9,2024,5281,Arrears,84
A0082,U007,10,2024,9211,Paid,0
A0083,U007,11,2024,9204,Paid,0
A0084,U007,12,2024,9147,Paid,0
A0085,U008,1,2024,6424,Paid,0
A0086,U008,2,2024,6336,Paid,0
A0087,U008,3,2024,6436,Late,22
A0088,U008,4,2024,6469,Paid,0
A0089,U008,5,2024,6508,Paid,0
A0090,U008,6,2024,6378,Paid,0
A0091,U008,7,2024,6449,Paid,0
A0092,U008,8,2024,6403,Paid,0
A0093,U008,9,2024,6525,Paid,0
A0094,U008,10,2024,6479,Paid,0
A0095,U008,11,2024,6494,Paid,0
A0096,U008,12,2024,6531,Paid,0
A0097,U009,1,2024,4399,Paid,0
A0098,U009,2,2024,4472,Paid,0
A0099,U009,3,2024,4494,Late,6
A0100,U009,4,2024,4500,Paid,0
A0101,U009,5,2024,4536,Paid,0
A0102,U009,6,2024,4575,Paid,0
A0103,U009,7,2024,4469,Paid,0
A0104,U009,8,2024,4419,Paid,0
A0105,U009,9,2024,4495,Paid,0
A0106,U009,10,2024,4438,Paid,0
A0107,U009,11,2024,4478,Paid,0
A0108,U009,12,2024,4494,Late,9
A0109,U010,1,2024,9234,Paid,0
A0110,U010,2,2024,9164,Paid,0
A0111,U010,3,2024,9240,Paid,0
A0112,U010,4,2024,9121,Paid,0
A0113,U010,5,2024,9175,Paid,0
A0114,U010,6,2024,9236,Paid,0
A0115,U010,7,2024,9179,Paid,0
A0116,U010,8,2024,9217,Paid,0
A0117,U010,9,2024,9178,Paid,0
A0118,U010,10,2024,9076,Paid,0
A0119,U010,11,2024,9174,Paid,0
A0120,U010,12,2024,9086,Paid,0
A0121,U011,1,2024,6455,Paid,0
A0122,U011,2,2024,6624,Paid,0
A0123,U011,3,2024,3618,Arrears,67
A0124,U011,4,2024,6503,Paid,0
A0125,U011,5,2024,6587,Paid,0
A0126,U011,6,2024,6538,Paid,0
A0127,U011,7,2024,3298,Arrears,65
A0128,U011,8,2024,6477,Paid,0
A0129,U011,9,2024,6451,Paid,0
A0130,U011,10,2024,6543,Paid,0
A0131,U011,11,2024,6485,Paid,0
A0132,U011,12,2024,6537,Late,10
A0133,U012,1,2024,8972,Paid,0
A0134,U012,2,2024,8979,Late,11
A0135,U012,3,2024,8923,Paid,0
A0136,U012,4,2024,9046,Paid,0
A0137,U012,5,2024,9015,Paid,0
A0138,U012,6,2024,8979,Late,26
A0139,U012,7,2024,8979,Late,9
A0140,U012,8,2024,8917,Paid,0
A0141,U012,9,2024,8887,Paid,0
A0142,U012,10,2024,9044,Paid,0
A0143,U012,11,2024,8969,Paid,0
A0144,U012,12,2024,9062,Paid,0
A0145,U013,1,2024,6531,Paid,0
A0146,U013,2,2024,6378,Paid,0
A0147,U013,3,2024,6350,Paid,0
A0148,U013,4,2024,6497,Paid,0
A0149,U013,5,2024,6415,Paid,0
A0150,U013,6,2024,6365,Paid,0
A0151,U013,7,2024,6501,Paid,0
A0152,U013,8,2024,6524,Paid,0
A0153,U013,9,2024,6396,Paid,0
A0154,U013,10,2024,6511,Paid,0
A0155,U013,11,2024,6537,Paid,0
A0156,U013,12,2024,6397,Paid,0
A0157,U014,1,2024,6834,Paid,0
A0158,U014,2,2024,6700,Paid,0
A0159,U014,3,2024,6721,Paid,0
A0160,U014,4,2024,6722,Paid,0
A0161,U014,5,2024,6775,Paid,0
A0162,U014,6,2024,6830,Paid,0
A0163,U014,7,2024,2089,Arrears,90
A0164,U014,8,2024,6682,Paid,0
A0165,U014,9,2024,6822,Paid,0
A0166,U014,10,2024,6711,Paid,0
A0167,U014,11,2024,6698,Paid,0
A0168,U014,12,2024,0,Vacant,0
A0169,U015,1,2024,6593,Paid,0
A0170,U015,2,2024,6432,Paid,0
A0171,U015,3,2024,6493,Paid,0
A0172,U015,4,2024,6564,Paid,0
A0173,U015,5,2024,6596,Paid,0
A0174,U015,6,2024,3886,Arrears,56
A0175,U015,7,2024,6622,Paid,0
A0176,U015,8,2024,6558,Paid,0
A0177,U015,9,2024,6437,Paid,0
A0178,U015,10,2024,6589,Paid,0
A0179,U015,11,2024,6569,Paid,0
A0180,U015,12,2024,6524,Late,5
A0181,U016,1,2024,9230,Paid,0
A0182,U016,2,2024,9225,Paid,0
A0183,U016,3,2024,9194,Paid,0
A0184,U016,4,2024,9244,Paid,0
A0185,U016,5,2024,9374,Paid,0
A0186,U016,6,2024,9179,Paid,0
A0187,U016,7,2024,9188,Paid,0
A0188,U016,8,2024,9293,Paid,0
A0189,U016,9,2024,9279,Late,23
A0190,U016,10,2024,9290,Paid,0
A0191,U016,11,2024,9335,Paid,0
A0192,U016,12,2024,9279,Late,21
A0193,U017,1,2024,12909,Paid,0
A0194,U017,2,2024,12946,Paid,0
A0195,U017,3,2024,12874,Paid,0
A0196,U017,4,2024,12807,Paid,0
A0197,U017,5,2024,12951,Paid,0
A0198,U017,6,2024,12807,Paid,0
A0199,U017,7,2024,12828,Paid,0
A0200,U017,8,2024,12895,Paid,0
A0201,U017,9,2024,12892,Paid,0
A0202,U017,10,2024,12902,Paid,0
A0203,U017,11,2024,12863,Late,12
A0204,U017,12,2024,12938,Paid,0
A0205,U018,1,2024,9174,Paid,0
A0206,U018,2,2024,9131,Late,13
A0207,U018,3,2024,9175,Paid,0
A0208,U018,4,2024,9079,Paid,0
A0209,U018,5,2024,9131,Late,25
A0210,U018,6,2024,0,Vacant,0
A0211,U018,7,2024,9111,Paid,0
A0212,U018,8,2024,9043,Paid,0
A0213,U018,9,2024,9078,Paid,0
A0214,U018,10,2024,9202,Paid,0
A0215,U018,11,2024,9178,Paid,0
A0216,U018,12,2024,9081,Paid,0
A0217,U019,1,2024,6573,Late,16
A0218,U019,2,2024,6651,Paid,0
A0219,U019,3,2024,6539,Paid,0
A0220,U019,4,2024,6487,Paid,0
A0221,U019,5,2024,6479,Paid,0
A0222,U019,6,2024,6509,Paid,0
A0223,U019,7,2024,6570,Paid,0
A0224,U019,8,2024,4311,Arrears,45
A0225,U019,9,2024,6672,Paid,0
A0226,U019,10,2024,6573,Late,5
A0227,U019,11,2024,6529,Paid,0
A0228,U019,12,2024,6538,Paid,0
A0229,U020,1,2024,6283,Paid,0
A0230,U020,2,2024,6272,Late,18
A0231,U020,3,2024,6272,Late,28
A0232,U020,4,2024,6280,Paid,0
A0233,U020,5,2024,6268,Paid,0
A0234,U020,6,2024,6337,Paid,0
A0235,U020,7,2024,6354,Paid,0
A0236,U020,8,2024,6201,Paid,0
A0237,U020,9,2024,6234,Paid,0
A0238,U020,10,2024,6272,Late,6
A0239,U020,11,2024,6255,Paid,0
A0240,U020,12,2024,6241,Paid,0
A0241,U021,1,2024,6476,Paid,0
A0242,U021,2,2024,6584,Paid,0
A0243,U021,3,2024,6418,Paid,0
A0244,U021,4,2024,6481,Paid,0
A0245,U021,5,2024,6514,Late,17
A0246,U021,6,2024,6514,Late,5
A0247,U021,7,2024,6609,Paid,0
A0248,U021,8,2024,6594,Paid,0
A0249,U021,9,2024,6607,Paid,0
A0250,U021,10,2024,6474,Paid,0
A0251,U021,11,2024,6550,Paid,0
A0252,U021,12,2024,6441,Paid,0
A0253,U022,1,2024,8946,Paid,0
A0254,U022,2,2024,8993,Late,13
A0255,U022,3,2024,9018,Paid,0
A0256,U022,4,2024,9045,Paid,0
A0257,U022,5,2024,8993,Late,5
A0258,U022,6,2024,0,Vacant,0
A0259,U022,7,2024,8997,Paid,0
A0260,U022,8,2024,9062,Paid,0
A0261,U022,9,2024,9041,Paid,0
A0262,U022,10,2024,0,Vacant,0
A0263,U022,11,2024,8948,Paid,0
A0264,U022,12,2024,9056,Paid,0
A0265,U023,1,2024,8097,Arrears,86
A0266,U023,2,2024,12743,Paid,0
A0267,U023,3,2024,12885,Paid,0
A0268,U023,4,2024,12754,Paid,0
A0269,U023,5,2024,12735,Paid,0
A0270,U023,6,2024,12756,Paid,0
A0271,U023,7,2024,12807,Paid,0
A0272,U023,8,2024,12728,Paid,0
A0273,U023,9,2024,12843,Paid,0
A0274,U023,10,2024,12895,Paid,0
A0275,U023,11,2024,12779,Paid,0
A0276,U023,12,2024,12717,Paid,0
A0277,U024,1,2024,8771,Paid,0
A0278,U024,2,2024,8771,Late,14
A0279,U024,3,2024,8726,Paid,0
A0280,U024,4,2024,8868,Paid,0
A0281,U024,5,2024,8785,Paid,0
A0282,U024,6,2024,8735,Paid,0
A0283,U024,7,2024,8788,Paid,0
A0284,U024,8,2024,8719,Paid,0
A0285,U024,9,2024,8703,Paid,0
A0286,U024,10,2024,8729,Paid,0
A0287,U024,11,2024,8825,Paid,0
A0288,U024,12,2024,8729,Paid,0
A0289,U025,1,2024,6706,Paid,0
A0290,U025,2,2024,6755,Paid,0
A0291,U025,3,2024,6856,Paid,0
A0292,U025,4,2024,6690,Paid,0
A0293,U025,5,2024,0,Vacant,0
A0294,U025,6,2024,6696,Paid,0
A0295,U025,7,2024,6769,Late,11
A0296,U025,8,2024,6691,Paid,0
A0297,U025,9,2024,6745,Paid,0
A0298,U025,10,2024,6706,Paid,0
A0299,U025,11,2024,6850,Paid,0
A0300,U025,12,2024,6811,Paid,0
A0301,U026,1,2024,6394,Late,8
A0302,U026,2,2024,6349,Paid,0
A0303,U026,3,2024,6379,Paid,0
A0304,U026,4,2024,6407,Paid,0
A0305,U026,5,2024,6358,Paid,0
A0306,U026,6,2024,6451,Paid,0
A0307,U026,7,2024,6383,Paid,0
A0308,U026,8,2024,6473,Paid,0
A0309,U026,9,2024,6435,Paid,0
A0310,U026,10,2024,6353,Paid,0
A0311,U026,11,2024,6454,Paid,0
A0312,U026,12,2024,6402,Paid,0
A0313,U027,1,2024,13241,Paid,0
A0314,U027,2,2024,13132,Paid,0
A0315,U027,3,2024,13223,Paid,0
A0316,U027,4,2024,13091,Paid,0
A0317,U027,5,2024,13175,Paid,0
A0318,U027,6,2024,13198,Paid,0
A0319,U027,7,2024,8994,Arrears,65
A0320,U027,8,2024,13179,Paid,0
A0321,U027,9,2024,13171,Paid,0
A0322,U027,10,2024,13284,Paid,0
A0323,U027,11,2024,13273,Paid,0
A0324,U027,12,2024,13095,Paid,0
A0325,U028,1,2024,9113,Paid,0
A0326,U028,2,2024,8995,Paid,0
A0327,U028,3,2024,9072,Paid,0
A0328,U028,4,2024,9090,Paid,0
A0329,U028,5,2024,9046,Paid,0
A0330,U028,6,2024,9047,Paid,0
A0331,U028,7,2024,9003,Paid,0
A0332,U028,8,2024,9041,Paid,0
A0333,U028,9,2024,9018,Paid,0
A0334,U028,10,2024,8952,Paid,0
A0335,U028,11,2024,9031,Paid,0
A0336,U028,12,2024,9102,Paid,0
A0337,U029,1,2024,4301,Paid,0
A0338,U029,2,2024,4297,Paid,0
A0339,U029,3,2024,4260,Paid,0
A0340,U029,4,2024,4260,Paid,0
A0341,U029,5,2024,4406,Paid,0
A0342,U029,6,2024,4423,Paid,0
A0343,U029,7,2024,4233,Paid,0
A0344,U029,8,2024,4363,Paid,0
A0345,U029,9,2024,4290,Paid,0
A0346,U029,10,2024,4368,Paid,0
A0347,U029,11,2024,4327,Late,14
A0348,U029,12,2024,4325,Paid,0
A0349,U030,1,2024,4282,Paid,0
A0350,U030,2,2024,1681,Arrears,71
A0351,U030,3,2024,4294,Late,14
A0352,U030,4,2024,4323,Paid,0
A0353,U030,5,2024,4226,Paid,0
A0354,U030,6,2024,4211,Paid,0
A0355,U030,7,2024,4337,Paid,0
A0356,U030,8,2024,4358,Paid,0
A0357,U030,9,2024,4284,Paid,0
A0358,U030,10,2024,4331,Paid,0
A0359,U030,11,2024,4210,Paid,0
A0360,U030,12,2024,0,Vacant,0
A0361,U031,1,2024,12779,Paid,0
A0362,U031,2,2024,12732,Paid,0
A0363,U031,3,2024,12798,Paid,0
A0364,U031,4,2024,0,Vacant,0
A0365,U031,5,2024,12654,Paid,0
A0366,U031,6,2024,12725,Paid,0
A0367,U031,7,2024,12647,Paid,0
A0368,U031,8,2024,12755,Paid,0
A0369,U031,9,2024,12770,Paid,0
A0370,U031,10,2024,0,Vacant,0
A0371,U031,11,2024,12775,Paid,0
A0372,U031,12,2024,0,Vacant,0
A0373,U032,1,2024,9278,Paid,0
A0374,U032,2,2024,9310,Paid,0
A0375,U032,3,2024,9255,Paid,0
A0376,U032,4,2024,9361,Paid,0
A0377,U032,5,2024,9359,Paid,0
A0378,U032,6,2024,9267,Paid,0
A0379,U032,7,2024,9278,Paid,0
A0380,U032,8,2024,9234,Paid,0
A0381,U032,9,2024,9356,Paid,0
A0382,U032,10,2024,9314,Paid,0
A0383,U032,11,2024,9203,Paid,0
A0384,U032,12,2024,9288,Paid,0
A0385,U033,1,2024,4443,Paid,0
A0386,U033,2,2024,4508,Paid,0
A0387,U033,3,2024,4373,Paid,0
A0388,U033,4,2024,4425,Paid,0
A0389,U033,5,2024,4538,Paid,0
A0390,U033,6,2024,4548,Paid,0
A0391,U033,7,2024,4406,Paid,0
A0392,U033,8,2024,4422,Paid,0
A0393,U033,9,2024,4448,Paid,0
A0394,U033,10,2024,4468,Paid,0
A0395,U033,11,2024,4433,Paid,0
A0396,U033,12,2024,4408,Paid,0
A0397,U034,1,2024,4224,Paid,0
A0398,U034,2,2024,4294,Paid,0
A0399,U034,3,2024,4267,Paid,0
A0400,U034,4,2024,4267,Paid,0
A0401,U034,5,2024,4251,Paid,0
A0402,U034,6,2024,4263,Paid,0
A0403,U034,7,2024,2195,Arrears,67
A0404,U034,8,2024,4225,Paid,0
A0405,U034,9,2024,4136,Paid,0
A0406,U034,10,2024,4207,Paid,0
A0407,U034,11,2024,4303,Paid,0
A0408,U034,12,2024,4186,Paid,0
A0409,U035,1,2024,4616,Paid,0
A0410,U035,2,2024,4536,Late,12
A0411,U035,3,2024,4630,Paid,0
A0412,U035,4,2024,4534,Paid,0
A0413,U035,5,2024,4498,Paid,0
A0414,U035,6,2024,4494,Paid,0
A0415,U035,7,2024,4483,Paid,0
A0416,U035,8,2024,4536,Late,6
A0417,U035,9,2024,4536,Late,20
A0418,U035,10,2024,4622,Paid,0
A0419,U035,11,2024,4548,Paid,0
A0420,U035,12,2024,4437,Paid,0
A0421,U036,1,2024,6449,Paid,0
A0422,U036,2,2024,6450,Paid,0
A0423,U036,3,2024,6356,Paid,0
A0424,U036,4,2024,6329,Paid,0
A0425,U036,5,2024,6322,Paid,0
A0426,U036,6,2024,6381,Paid,0
A0427,U036,7,2024,6320,Paid,0
A0428,U036,8,2024,6399,Paid,0
A0429,U036,9,2024,6402,Paid,0
A0430,U036,10,2024,6410,Paid,0
A0431,U036,11,2024,6362,Paid,0
A0432,U036,12,2024,6443,Paid,0
A0433,U037,1,2024,6698,Paid,0
A0434,U037,2,2024,2517,Arrears,52
A0435,U037,3,2024,6672,Paid,0
A0436,U037,4,2024,6655,Paid,0
A0437,U037,5,2024,6761,Paid,0
A0438,U037,6,2024,6775,Paid,0
A0439,U037,7,2024,6675,Late,22
A0440,U037,8,2024,6713,Paid,0
A0441,U037,9,2024,6575,Paid,0
A0442,U037,10,2024,6675,Late,23
A0443,U037,11,2024,6609,Paid,0
A0444,U037,12,2024,6772,Paid,0
A0445,U038,1,2024,0,Vacant,0
A0446,U038,2,2024,6555,Paid,0
A0447,U038,3,2024,6408,Paid,0
A0448,U038,4,2024,6513,Paid,0
A0449,U038,5,2024,6413,Paid,0
A0450,U038,6,2024,6360,Paid,0
A0451,U038,7,2024,6426,Paid,0
A0452,U038,8,2024,6452,Paid,0
A0453,U038,9,2024,6445,Paid,0
A0454,U038,10,2024,6363,Paid,0
A0455,U038,11,2024,6385,Paid,0
A0456,U038,12,2024,6369,Paid,0
A0457,U039,1,2024,4420,Paid,0
A0458,U039,2,2024,4390,Paid,0
A0459,U039,3,2024,4412,Paid,0
A0460,U039,4,2024,4499,Paid,0
A0461,U039,5,2024,4403,Paid,0
A0462,U039,6,2024,4483,Paid,0
A0463,U039,7,2024,4444,Paid,0
A0464,U039,8,2024,0,Vacant,0
A0465,U039,9,2024,4472,Paid,0
A0466,U039,10,2024,4418,Late,8
A0467,U039,11,2024,4325,Paid,0
A0468,U039,12,2024,4500,Paid,0
A0469,U040,1,2024,4662,Paid,0
A0470,U040,2,2024,2032,Arrears,67
A0471,U040,3,2024,4551,Paid,0
A0472,U040,4,2024,4672,Paid,0
A0473,U040,5,2024,4549,Paid,0
A0474,U040,6,2024,4636,Paid,0
A0475,U040,7,2024,4652,Paid,0
A0476,U040,8,2024,4619,Paid,0
A0477,U040,9,2024,4582,Late,26
A0478,U040,10,2024,4502,Paid,0
A0479,U040,11,2024,4510,Paid,0
A0480,U040,12,2024,4564,Paid,0
A0481,U041,1,2024,12839,Paid,0
A0482,U041,2,2024,12967,Paid,0
A0483,U041,3,2024,12969,Paid,0
A0484,U041,4,2024,12992,Paid,0
A0485,U041,5,2024,5503,Arrears,54
A0486,U041,6,2024,13014,Paid,0
A0487,U041,7,2024,12869,Paid,0
A0488,U041,8,2024,12974,Paid,0
A0489,U041,9,2024,12997,Paid,0
A0490,U041,10,2024,12926,Late,6
A0491,U041,11,2024,12904,Paid,0
A0492,U041,12,2024,12946,Paid,0
A0493,U042,1,2024,12848,Late,14
A0494,U042,2,2024,12896,Paid,0
A0495,U042,3,2024,12828,Paid,0
A0496,U042,4,2024,12763,Paid,0
A0497,U042,5,2024,12858,Paid,0
A0498,U042,6,2024,12901,Paid,0
A0499,U042,7,2024,12848,Late,22
A0500,U042,8,2024,12911,Paid,0
A0501,U042,9,2024,12797,Paid,0
A0502,U042,10,2024,12846,Paid,0
A0503,U042,11,2024,12905,Paid,0
A0504,U042,12,2024,12946,Paid,0
A0505,U043,1,2024,12947,Paid,0
A0506,U043,2,2024,12954,Paid,0
A0507,U043,3,2024,12888,Paid,0
A0508,U043,4,2024,12896,Paid,0
A0509,U043,5,2024,12910,Paid,0
A0510,U043,6,2024,13021,Paid,0
A0511,U043,7,2024,12925,Paid,0
A0512,U043,8,2024,13038,Paid,0
A0513,U043,9,2024,12863,Paid,0
A0514,U043,10,2024,13021,Paid,0
A0515,U043,11,2024,12938,Late,6
A0516,U043,12,2024,12907,Paid,0
A0517,U044,1,2024,0,Vacant,0
A0518,U044,2,2024,13110,Paid,0
A0519,U044,3,2024,13147,Late,7
A0520,U044,4,2024,13147,Late,5
A0521,U044,5,2024,13115,Paid,0
A0522,U044,6,2024,13142,Paid,0
A0523,U044,7,2024,13091,Paid,0
A0524,U044,8,2024,13200,Paid,0
A0525,U044,9,2024,13147,Late,10
A0526,U044,10,2024,13178,Paid,0
A0527,U044,11,2024,13066,Paid,0
A0528,U044,12,2024,13223,Paid,0
A0529,U045,1,2024,12996,Paid,0
A0530,U045,2,2024,13081,Paid,0
A0531,U045,3,2024,12969,Paid,0
A0532,U045,4,2024,13018,Late,22
A0533,U045,5,2024,13084,Paid,0
A0534,U045,6,2024,13037,Paid,0
A0535,U045,7,2024,13059,Paid,0
A0536,U045,8,2024,12972,Paid,0
A0537,U045,9,2024,12959,Paid,0
A0538,U045,10,2024,12948,Paid,0
A0539,U045,11,2024,12964,Paid,0
A0540,U045,12,2024,12961,Paid,0
A0541,U046,1,2024,6686,Paid,0
A0542,U046,2,2024,6603,Paid,0
A0543,U046,3,2024,6636,Late,12
A0544,U046,4,2024,6668,Paid,0
A0545,U046,5,2024,6673,Paid,0
A0546,U046,6,2024,3791,Arrears,59
A0547,U046,7,2024,6726,Paid,0
A0548,U046,8,2024,6600,Paid,0
A0549,U046,9,2024,6569,Paid,0
A0550,U046,10,2024,6727,Paid,0
A0551,U046,11,2024,6673,Paid,0
A0552,U046,12,2024,6728,Paid,0
A0553,U047,1,2024,9220,Paid,0
A0554,U047,2,2024,9116,Paid,0
A0555,U047,3,2024,9106,Paid,0
A0556,U047,4,2024,9253,Paid,0
A0557,U047,5,2024,9189,Late,24
A0558,U047,6,2024,9224,Paid,0
A0559,U047,7,2024,9238,Paid,0
A0560,U047,8,2024,9257,Paid,0
A0561,U047,9,2024,9093,Paid,0
A0562,U047,10,2024,9136,Paid,0
A0563,U047,11,2024,9242,Paid,0
A0564,U047,12,2024,9189,Late,24
A0565,U048,1,2024,8993,Paid,0
A0566,U048,2,2024,8835,Paid,0
A0567,U048,3,2024,8963,Paid,0
A0568,U048,4,2024,8891,Paid,0
A0569,U048,5,2024,8920,Paid,0
A0570,U048,6,2024,8889,Paid,0
A0571,U048,7,2024,8864,Paid,0
A0572,U048,8,2024,8873,Paid,0
A0573,U048,9,2024,8958,Paid,0
A0574,U048,10,2024,8828,Paid,0
A0575,U048,11,2024,8925,Paid,0
A0576,U048,12,2024,8834,Paid,0
A0577,U049,1,2024,6652,Paid,0
A0578,U049,2,2024,6631,Paid,0
A0579,U049,3,2024,6746,Paid,0
A0580,U049,4,2024,6594,Paid,0
A0581,U049,5,2024,6658,Paid,0
A0582,U049,6,2024,2044,Arrears,89
A0583,U049,7,2024,6619,Paid,0
A0584,U049,8,2024,6656,Paid,0
A0585,U049,9,2024,6622,Paid,0
A0586,U049,10,2024,6718,Paid,0
A0587,U049,11,2024,6742,Paid,0
A0588,U049,12,2024,6682,Paid,0
A0589,U050,1,2024,12805,Paid,0
A0590,U050,2,2024,12825,Paid,0
A0591,U050,3,2024,12954,Paid,0
A0592,U050,4,2024,12877,Paid,0
A0593,U050,5,2024,12901,Paid,0
A0594,U050,6,2024,12932,Paid,0
A0595,U050,7,2024,12799,Paid,0
A0596,U050,8,2024,12915,Paid,0
A0597,U050,9,2024,12949,Paid,0
A0598,U050,10,2024,12861,Paid,0
A0599,U050,11,2024,12825,Paid,0
A0600,U050,12,2024,12805,Paid,0
A0601,U051,1,2024,8913,Paid,0
A0602,U051,2,2024,8794,Paid,0
A0603,U051,3,2024,8775,Paid,0
A0604,U051,4,2024,8866,Paid,0
A0605,U051,5,2024,8733,Paid,0
A0606,U051,6,2024,8819,Paid,0
A0607,U051,7,2024,8840,Paid,0
A0608,U051,8,2024,8906,Paid,0
A0609,U051,9,2024,8822,Late,11
A0610,U051,10,2024,8743,Paid,0
A0611,U051,11,2024,8858,Paid,0
A0612,U051,12,2024,8881,Paid,0
A0613,U052,1,2024,12859,Paid,0
A0614,U052,2,2024,12777,Paid,0
A0615,U052,3,2024,12850,Late,7
A0616,U052,4,2024,12950,Paid,0
A0617,U052,5,2024,12809,Paid,0
A0618,U052,6,2024,12769,Paid,0
A0619,U052,7,2024,12850,Late,12
A0620,U052,8,2024,12871,Paid,0
A0621,U052,9,2024,12893,Paid,0
A0622,U052,10,2024,12834,Paid,0
A0623,U052,11,2024,12900,Paid,0
A0624,U052,12,2024,12937,Paid,0
A0625,U053,1,2024,6464,Paid,0
A0626,U053,2,2024,6378,Paid,0
A0627,U053,3,2024,6338,Paid,0
A0628,U053,4,2024,6451,Paid,0
A0629,U053,5,2024,6293,Paid,0
A0630,U053,6,2024,6285,Paid,0
A0631,U053,7,2024,6407,Paid,0
A0632,U053,8,2024,6279,Paid,0
A0633,U053,9,2024,6383,Paid,0
A0634,U053,10,2024,6446,Paid,0
A0635,U053,11,2024,6297,Paid,0
A0636,U053,12,2024,6434,Paid,0
A0637,U054,1,2024,9068,Paid,0
A0638,U054,2,2024,9083,Paid,0
A0639,U054,3,2024,9119,Paid,0
A0640,U054,4,2024,9186,Paid,0
A0641,U054,5,2024,9118,Paid,0
A0642,U054,6,2024,9211,Paid,0
A0643,U054,7,2024,9198,Paid,0
A0644,U054,8,2024,9120,Late,29
A0645,U054,9,2024,9142,Paid,0
A0646,U054,10,2024,9120,Late,11
A0647,U054,11,2024,9123,Paid,0
A0648,U054,12,2024,9211,Paid,0
A0649,U055,1,2024,3262,Arrears,42
A0650,U055,2,2024,6268,Paid,0
A0651,U055,3,2024,6312,Paid,0
A0652,U055,4,2024,6396,Paid,0
A0653,U055,5,2024,6410,Paid,0
A0654,U055,6,2024,6244,Paid,0
A0655,U055,7,2024,6337,Late,23
A0656,U055,8,2024,6370,Paid,0
A0657,U055,9,2024,6427,Paid,0
A0658,U055,10,2024,6311,Paid,0
A0659,U055,11,2024,6425,Paid,0
A0660,U055,12,2024,6337,Late,10
A0661,U056,1,2024,24922,Paid,0
A0662,U056,2,2024,24769,Paid,0
A0663,U056,3,2024,24828,Paid,0
A0664,U056,4,2024,24905,Paid,0
A0665,U056,5,2024,24946,Paid,0
A0666,U056,6,2024,24811,Paid,0
A0667,U056,7,2024,24782,Paid,0
A0668,U056,8,2024,24799,Paid,0
A0669,U056,9,2024,24943,Paid,0
A0670,U056,10,2024,24844,Paid,0
A0671,U056,11,2024,24888,Paid,0
A0672,U056,12,2024,24942,Paid,0
A0673,U057,1,2024,6348,Late,21
A0674,U057,2,2024,6306,Paid,0
A0675,U057,3,2024,6313,Paid,0
A0676,U057,4,2024,6432,Paid,0
A0677,U057,5,2024,6284,Paid,0
A0678,U057,6,2024,6348,Late,13
A0679,U057,7,2024,6298,Paid,0
A0680,U057,8,2024,6393,Paid,0
A0681,U057,9,2024,6327,Paid,0
A0682,U057,10,2024,6348,Late,20
A0683,U057,11,2024,6432,Paid,0
A0684,U057,12,2024,6420,Paid,0
A0685,U058,1,2024,13010,Paid,0
A0686,U058,2,2024,12978,Paid,0
A0687,U058,3,2024,13011,Paid,0
A0688,U058,4,2024,12980,Paid,0
A0689,U058,5,2024,13089,Paid,0
A0690,U058,6,2024,13177,Paid,0
A0691,U058,7,2024,13073,Paid,0
A0692,U058,8,2024,13174,Paid,0
A0693,U058,9,2024,13066,Paid,0
A0694,U058,10,2024,13020,Paid,0
A0695,U058,11,2024,13014,Paid,0
A0696,U058,12,2024,12987,Paid,0
A0697,U059,1,2024,6667,Paid,0
A0698,U059,2,2024,6732,Paid,0
A0699,U059,3,2024,6695,Paid,0
A0700,U059,4,2024,6720,Paid,0
A0701,U059,5,2024,6731,Paid,0
A0702,U059,6,2024,6758,Late,7
A0703,U059,7,2024,6769,Paid,0
A0704,U059,8,2024,6735,Paid,0
A0705,U059,9,2024,6776,Paid,0
A0706,U059,10,2024,6848,Paid,0
A0707,U059,11,2024,6750,Paid,0
A0708,U059,12,2024,6741,Paid,0
A0709,U060,1,2024,6731,Paid,0
A0710,U060,2,2024,6721,Late,23
A0711,U060,3,2024,6798,Paid,0
A0712,U060,4,2024,6785,Paid,0
A0713,U060,5,2024,6770,Paid,0
A0714,U060,6,2024,6818,Paid,0
A0715,U060,7,2024,6782,Paid,0
A0716,U060,8,2024,6624,Paid,0
A0717,U060,9,2024,6631,Paid,0
A0718,U060,10,2024,6721,Late,12
A0719,U060,11,2024,6735,Paid,0
A0720,U060,12,2024,6771,Paid,0
A0721,U061,1,2024,6537,Paid,0
A0722,U061,2,2024,6646,Paid,0
A0723,U061,3,2024,6606,Paid,0
A0724,U061,4,2024,6492,Paid,0
A0725,U061,5,2024,6504,Paid,0
A0726,U061,6,2024,6556,Paid,0
A0727,U061,7,2024,6568,Paid,0
A0728,U061,8,2024,6515,Paid,0
A0729,U061,9,2024,6640,Paid,0
A0730,U061,10,2024,6592,Late,15
A0731,U061,11,2024,6638,Paid,0
A0732,U061,12,2024,6541,Paid,0
A0733,U062,1,2024,8895,Paid,0
A0734,U062,2,2024,8838,Paid,0
A0735,U062,3,2024,8885,Late,6
A0736,U062,4,2024,8785,Paid,0
A0737,U062,5,2024,8895,Paid,0
A0738,U062,6,2024,8966,Paid,0
A0739,U062,7,2024,8922,Paid,0
A0740,U062,8,2024,8892,Paid,0
A0741,U062,9,2024,8933,Paid,0
A0742,U062,10,2024,8955,Paid,0
A0743,U062,11,2024,8812,Paid,0
A0744,U062,12,2024,8798,Paid,0
A0745,U063,1,2024,8620,Paid,0
A0746,U063,2,2024,8756,Paid,0
A0747,U063,3,2024,8701,Late,26
A0748,U063,4,2024,8658,Paid,0
A0749,U063,5,2024,8623,Paid,0
A0750,U063,6,2024,8783,Paid,0
A0751,U063,7,2024,8690,Paid,0
A0752,U063,8,2024,8749,Paid,0
A0753,U063,9,2024,8666,Paid,0
A0754,U063,10,2024,8715,Paid,0
A0755,U063,11,2024,8717,Paid,0
A0756,U063,12,2024,8667,Paid,0
A0757,U064,1,2024,6611,Paid,0
A0758,U064,2,2024,6513,Paid,0
A0759,U064,3,2024,6635,Paid,0
A0760,U064,4,2024,6492,Paid,0
A0761,U064,5,2024,6605,Paid,0
A0762,U064,6,2024,6600,Paid,0
A0763,U064,7,2024,6626,Paid,0
A0764,U064,8,2024,6569,Paid,0
A0765,U064,9,2024,6533,Paid,0
A0766,U064,10,2024,6548,Paid,0
A0767,U064,11,2024,6501,Paid,0
A0768,U064,12,2024,6533,Paid,0
A0769,U065,1,2024,6260,Paid,0
A0770,U065,2,2024,6200,Paid,0
A0771,U065,3,2024,6182,Paid,0
A0772,U065,4,2024,6251,Paid,0
A0773,U065,5,2024,6251,Late,19
A0774,U065,6,2024,6210,Paid,0
A0775,U065,7,2024,6251,Late,22
A0776,U065,8,2024,6290,Paid,0
A0777,U065,9,2024,6306,Paid,0
A0778,U065,10,2024,6178,Paid,0
A0779,U065,11,2024,6251,Late,20
A0780,U065,12,2024,6302,Paid,0
A0781,U066,1,2024,8980,Paid,0
A0782,U066,2,2024,8998,Paid,0
A0783,U066,3,2024,9014,Paid,0
A0784,U066,4,2024,8944,Paid,0
A0785,U066,5,2024,8966,Paid,0
A0786,U066,6,2024,9082,Paid,0
A0787,U066,7,2024,8951,Paid,0
A0788,U066,8,2024,9043,Paid,0
A0789,U066,9,2024,9002,Paid,0
A0790,U066,10,2024,8961,Paid,0
A0791,U066,11,2024,9109,Paid,0
A0792,U066,12,2024,9007,Paid,0
A0793,U067,1,2024,8962,Paid,0
A0794,U067,2,2024,9039,Paid,0
A0795,U067,3,2024,9049,Paid,0
A0796,U067,4,2024,9106,Paid,0
A0797,U067,5,2024,9019,Paid,0
A0798,U067,6,2024,9082,Paid,0
A0799,U067,7,2024,9046,Late,17
A0800,U067,8,2024,9031,Paid,0
A0801,U067,9,2024,9073,Paid,0
A0802,U067,10,2024,8972,Paid,0
A0803,U067,11,2024,8981,Paid,0
A0804,U067,12,2024,9056,Paid,0
A0805,U068,1,2024,25179,Paid,0
A0806,U068,2,2024,25198,Paid,0
A0807,U068,3,2024,25192,Paid,0
A0808,U068,4,2024,25188,Paid,0
A0809,U068,5,2024,25200,Paid,0
A0810,U068,6,2024,25107,Paid,0
A0811,U068,7,2024,25116,Paid,0
A0812,U068,8,2024,25152,Paid,0
A0813,U068,9,2024,25190,Paid,0
A0814,U068,10,2024,25107,Paid,0
A0815,U068,11,2024,7967,Arrears,34
A0816,U068,12,2024,25090,Paid,0
A0817,U069,1,2024,9114,Paid,0
A0818,U069,2,2024,9203,Paid,0
A0819,U069,3,2024,9172,Paid,0
A0820,U069,4,2024,9147,Paid,0
A0821,U069,5,2024,9144,Paid,0
A0822,U069,6,2024,9068,Paid,0
A0823,U069,7,2024,9158,Paid,0
A0824,U069,8,2024,2879,Arrears,34
A0825,U069,9,2024,9135,Late,10
A0826,U069,10,2024,9135,Late,23
A0827,U069,11,2024,9135,Late,11
A0828,U069,12,2024,9092,Paid,0
A0829,U070,1,2024,9155,Paid,0
A0830,U070,2,2024,9114,Paid,0
A0831,U070,3,2024,9029,Paid,0
A0832,U070,4,2024,8979,Paid,0
A0833,U070,5,2024,9135,Paid,0
A0834,U070,6,2024,9126,Paid,0
A0835,U070,7,2024,8965,Paid,0
A0836,U070,8,2024,9114,Paid,0
A0837,U070,9,2024,9010,Paid,0
A0838,U070,10,2024,8992,Paid,0
A0839,U070,11,2024,9064,Late,13
A0840,U070,12,2024,9154,Paid,0
A0841,U071,1,2024,6878,Paid,0
A0842,U071,2,2024,6778,Paid,0
A0843,U071,3,2024,4338,Arrears,31
A0844,U071,4,2024,0,Vacant,0
A0845,U071,5,2024,6777,Paid,0
A0846,U071,6,2024,6692,Paid,0
A0847,U071,7,2024,6833,Paid,0
A0848,U071,8,2024,6819,Paid,0
A0849,U071,9,2024,6813,Paid,0
A0850,U071,10,2024,6840,Paid,0
A0851,U071,11,2024,6680,Paid,0
A0852,U071,12,2024,6717,Paid,0
A0853,U072,1,2024,14027,Paid,0
A0854,U072,2,2024,14001,Paid,0
A0855,U072,3,2024,8205,Arrears,90
A0856,U072,4,2024,0,Vacant,0
A0857,U072,5,2024,14107,Paid,0
A0858,U072,6,2024,14112,Paid,0
A0859,U072,7,2024,14015,Paid,0
A0860,U072,8,2024,14089,Paid,0
A0861,U072,9,2024,14066,Paid,0
A0862,U072,10,2024,0,Vacant,0
A0863,U072,11,2024,14084,Paid,0
A0864,U072,12,2024,14012,Paid,0
A0865,U073,1,2024,6836,Late,21
A0866,U073,2,2024,6882,Paid,0
A0867,U073,3,2024,6798,Paid,0
A0868,U073,4,2024,6737,Paid,0
A0869,U073,5,2024,0,Vacant,0
A0870,U073,6,2024,6909,Paid,0
A0871,U073,7,2024,6836,Late,17
A0872,U073,8,2024,6858,Paid,0
A0873,U073,9,2024,6843,Paid,0
A0874,U073,10,2024,2620,Arrears,83
A0875,U073,11,2024,0,Vacant,0
A0876,U073,12,2024,2072,Arrears,88
A0877,U074,1,2024,6911,Late,11
A0878,U074,2,2024,6825,Paid,0
A0879,U074,3,2024,7000,Paid,0
A0880,U074,4,2024,0,Vacant,0
A0881,U074,5,2024,6992,Paid,0
A0882,U074,6,2024,6935,Paid,0
A0883,U074,7,2024,6975,Paid,0
A0884,U074,8,2024,6939,Paid,0
A0885,U074,9,2024,6871,Paid,0
A0886,U074,10,2024,6845,Paid,0
A0887,U074,11,2024,6987,Paid,0
A0888,U074,12,2024,6911,Late,26
A0889,U075,1,2024,0,Vacant,0
A0890,U075,2,2024,7025,Paid,0
A0891,U075,3,2024,7001,Paid,0
A0892,U075,4,2024,6922,Paid,0
A0893,U075,5,2024,7050,Paid,0
A0894,U075,6,2024,6978,Paid,0
A0895,U075,7,2024,6996,Paid,0
A0896,U075,8,2024,6889,Paid,0
A0897,U075,9,2024,6961,Late,28
A0898,U075,10,2024,6973,Paid,0
A0899,U075,11,2024,6878,Paid,0
A0900,U075,12,2024,6913,Paid,0
A0901,U076,1,2024,14294,Paid,0
A0902,U076,2,2024,0,Vacant,0
A0903,U076,3,2024,14183,Paid,0
A0904,U076,4,2024,14292,Paid,0
A0905,U076,5,2024,14364,Paid,0
A0906,U076,6,2024,14241,Paid,0
A0907,U076,7,2024,14276,Paid,0
A0908,U076,8,2024,0,Vacant,0
A0909,U076,9,2024,0,Vacant,0
A0910,U076,10,2024,14331,Paid,0
A0911,U076,11,2024,7778,Arrears,78
A0912,U076,12,2024,14193,Paid,0
A0913,U077,1,2024,0,Vacant,0
A0914,U077,2,2024,14051,Late,6
A0915,U077,3,2024,14051,Late,24
A0916,U077,4,2024,14056,Paid,0
A0917,U077,5,2024,9069,Arrears,42
A0918,U077,6,2024,14116,Paid,0
A0919,U077,7,2024,14024,Paid,0
A0920,U077,8,2024,13964,Paid,0
A0921,U077,9,2024,14005,Paid,0
A0922,U077,10,2024,14065,Paid,0
A0923,U077,11,2024,14098,Paid,0
A0924,U077,12,2024,14101,Paid,0
A0925,U078,1,2024,8850,Arrears,31
A0926,U078,2,2024,14018,Paid,0
A0927,U078,3,2024,14117,Paid,0
A0928,U078,4,2024,13976,Paid,0
A0929,U078,5,2024,14023,Late,15
A0930,U078,6,2024,9263,Arrears,69
A0931,U078,7,2024,14023,Paid,0
A0932,U078,8,2024,0,Vacant,0
A0933,U078,9,2024,14046,Paid,0
A0934,U078,10,2024,8061,Arrears,88
A0935,U078,11,2024,13966,Paid,0
A0936,U078,12,2024,14011,Paid,0
A0937,U079,1,2024,7157,Paid,0
A0938,U079,2,2024,0,Vacant,0
A0939,U079,3,2024,7164,Paid,0
A0940,U079,4,2024,7034,Paid,0
A0941,U079,5,2024,7052,Paid,0
A0942,U079,6,2024,2310,Arrears,83
A0943,U079,7,2024,7073,Late,9
A0944,U079,8,2024,7041,Paid,0
A0945,U079,9,2024,7039,Paid,0
A0946,U079,10,2024,7087,Paid,0
A0947,U079,11,2024,7170,Paid,0
A0948,U079,12,2024,7073,Late,17
A0949,U080,1,2024,0,Vacant,0
A0950,U080,2,2024,14324,Paid,0
A0951,U080,3,2024,7074,Arrears,37
A0952,U080,4,2024,14255,Late,20
A0953,U080,5,2024,0,Vacant,0
A0954,U080,6,2024,14226,Paid,0
A0955,U080,7,2024,14295,Paid,0
A0956,U080,8,2024,0,Vacant,0
A0957,U080,9,2024,14235,Paid,0
A0958,U080,10,2024,14198,Paid,0
A0959,U080,11,2024,14210,Paid,0
A0960,U080,12,2024,14255,Late,10
A0961,U081,1,2024,13798,Late,23
A0962,U081,2,2024,13705,Paid,0
A0963,U081,3,2024,0,Vacant,0
A0964,U081,4,2024,13832,Paid,0
A0965,U081,5,2024,13719,Paid,0
A0966,U081,6,2024,13874,Paid,0
A0967,U081,7,2024,0,Vacant,0
A0968,U081,8,2024,0,Vacant,0
A0969,U081,9,2024,13785,Paid,0
A0970,U081,10,2024,13704,Paid,0
A0971,U081,11,2024,13774,Paid,0
A0972,U081,12,2024,0,Vacant,0
A0973,U082,1,2024,4970,Arrears,82
A0974,U082,2,2024,7161,Paid,0
A0975,U082,3,2024,0,Vacant,0
A0976,U082,4,2024,7173,Late,12
A0977,U082,5,2024,7252,Paid,0
A0978,U082,6,2024,7196,Paid,0
A0979,U082,7,2024,7231,Paid,0
A0980,U082,8,2024,7242,Paid,0
A0981,U082,9,2024,7238,Paid,0
A0982,U082,10,2024,7103,Paid,0
A0983,U082,11,2024,7162,Paid,0
A0984,U082,12,2024,7266,Paid,0
A0985,U083,1,2024,6911,Paid,0
A0986,U083,2,2024,6991,Paid,0
A0987,U083,3,2024,0,Vacant,0
A0988,U083,4,2024,6895,Paid,0
A0989,U083,5,2024,0,Vacant,0
A0990,U083,6,2024,6896,Paid,0
A0991,U083,7,2024,6894,Paid,0
A0992,U083,8,2024,6968,Paid,0
A0993,U083,9,2024,6971,Paid,0
A0994,U083,10,2024,6841,Paid,0
A0995,U083,11,2024,6901,Late,25
A0996,U083,12,2024,2719,Arrears,89
A0997,U084,1,2024,0,Vacant,0
A0998,U084,2,2024,7284,Paid,0
A0999,U084,3,2024,7263,Late,15
A1000,U084,4,2024,7263,Late,13
A1001,U084,5,2024,7275,Paid,0
A1002,U084,6,2024,7336,Paid,0
A1003,U084,7,2024,7314,Paid,0
A1004,U084,8,2024,0,Vacant,0
A1005,U084,9,2024,7263,Late,24
A1006,U084,10,2024,7175,Paid,0
A1007,U084,11,2024,7265,Paid,0
A1008,U084,12,2024,7275,Paid,0
A1009,U085,1,2024,6728,Paid,0
A1010,U085,2,2024,6708,Late,22
A1011,U085,3,2024,6708,Late,20
A1012,U085,4,2024,6673,Paid,0
A1013,U085,5,2024,6711,Paid,0
A1014,U085,6,2024,6673,Paid,0
A1015,U085,7,2024,6790,Paid,0
A1016,U085,8,2024,6643,Paid,0
A1017,U085,9,2024,0,Vacant,0
A1018,U085,10,2024,6745,Paid,0
A1019,U085,11,2024,6727,Paid,0
A1020,U085,12,2024,6784,Paid,0
A1021,U086,1,2024,6788,Paid,0
A1022,U086,2,2024,6901,Paid,0
A1023,U086,3,2024,6786,Paid,0
A1024,U086,4,2024,6864,Paid,0
A1025,U086,5,2024,6862,Paid,0
A1026,U086,6,2024,6949,Paid,0
A1027,U086,7,2024,6871,Paid,0
A1028,U086,8,2024,6919,Paid,0
A1029,U086,9,2024,6789,Paid,0
A1030,U086,10,2024,6803,Paid,0
A1031,U086,11,2024,6859,Late,23
A1032,U086,12,2024,6795,Paid,0
A1033,U087,1,2024,14023,Paid,0
A1034,U087,2,2024,14034,Late,25
A1035,U087,3,2024,14117,Paid,0
A1036,U087,4,2024,0,Vacant,0
A1037,U087,5,2024,14022,Paid,0
A1038,U087,6,2024,14047,Paid,0
A1039,U087,7,2024,14067,Paid,0
A1040,U087,8,2024,0,Vacant,0
A1041,U087,9,2024,5989,Arrears,38
A1042,U087,10,2024,5474,Arrears,47
A1043,U087,11,2024,13938,Paid,0
A1044,U087,12,2024,14034,Late,21
A1045,U088,1,2024,7152,Paid,0
A1046,U088,2,2024,7234,Paid,0
A1047,U088,3,2024,7249,Paid,0
A1048,U088,4,2024,3323,Arrears,35
A1049,U088,5,2024,0,Vacant,0
A1050,U088,6,2024,7144,Paid,0
A1051,U088,7,2024,7302,Paid,0
A1052,U088,8,2024,7207,Late,14
A1053,U088,9,2024,7239,Paid,0
A1054,U088,10,2024,7256,Paid,0
A1055,U088,11,2024,7218,Paid,0
A1056,U088,12,2024,7215,Paid,0
A1057,U089,1,2024,4151,Arrears,66
A1058,U089,2,2024,6860,Paid,0
A1059,U089,3,2024,6863,Paid,0
A1060,U089,4,2024,6925,Paid,0
A1061,U089,5,2024,6988,Paid,0
A1062,U089,6,2024,6878,Paid,0
A1063,U089,7,2024,6904,Late,29
A1064,U089,8,2024,6927,Paid,0
A1065,U089,9,2024,6885,Paid,0
A1066,U089,10,2024,2758,Arrears,55
A1067,U089,11,2024,6964,Paid,0
A1068,U089,12,2024,6845,Paid,0
A1069,U090,1,2024,14048,Paid,0
A1070,U090,2,2024,14172,Paid,0
A1071,U090,3,2024,14062,Paid,0
A1072,U090,4,2024,14005,Paid,0
A1073,U090,5,2024,14116,Paid,0
A1074,U090,6,2024,0,Vacant,0
A1075,U090,7,2024,0,Vacant,0
A1076,U090,8,2024,8284,Arrears,50
A1077,U090,9,2024,6079,Arrears,39
A1078,U090,10,2024,14163,Paid,0
A1079,U090,11,2024,14142,Paid,0
A1080,U090,12,2024,7426,Arrears,78
A1081,U091,1,2024,6313,Paid,0
A1082,U091,2,2024,6216,Paid,0
A1083,U091,3,2024,6249,Paid,0
A1084,U091,4,2024,6376,Paid,0
A1085,U091,5,2024,6264,Paid,0
A1086,U091,6,2024,6250,Paid,0
A1087,U091,7,2024,6294,Paid,0
A1088,U091,8,2024,0,Vacant,0
A1089,U091,9,2024,6196,Paid,0
A1090,U091,10,2024,6201,Paid,0
A1091,U091,11,2024,6194,Paid,0
A1092,U091,12,2024,6304,Paid,0
A1093,U092,1,2024,9961,Paid,0
A1094,U092,2,2024,9823,Paid,0
A1095,U092,3,2024,0,Vacant,0
A1096,U092,4,2024,4054,Arrears,61
A1097,U092,5,2024,9891,Paid,0
A1098,U092,6,2024,9871,Paid,0
A1099,U092,7,2024,9912,Paid,0
A1100,U092,8,2024,9816,Paid,0
A1101,U092,9,2024,5690,Arrears,66
A1102,U092,10,2024,9828,Paid,0
A1103,U092,11,2024,9966,Paid,0
A1104,U092,12,2024,9945,Paid,0
A1105,U093,1,2024,6739,Paid,0
A1106,U093,2,2024,6914,Paid,0
A1107,U093,3,2024,6794,Paid,0
A1108,U093,4,2024,6873,Paid,0
A1109,U093,5,2024,4591,Arrears,52
A1110,U093,6,2024,6929,Paid,0
A1111,U093,7,2024,6931,Paid,0
A1112,U093,8,2024,0,Vacant,0
A1113,U093,9,2024,6756,Paid,0
A1114,U093,10,2024,6886,Paid,0
A1115,U093,11,2024,6832,Paid,0
A1116,U093,12,2024,6929,Paid,0
A1117,U094,1,2024,6736,Paid,0
A1118,U094,2,2024,6815,Paid,0
A1119,U094,3,2024,6760,Paid,0
A1120,U094,4,2024,6655,Paid,0
A1121,U094,5,2024,6721,Paid,0
A1122,U094,6,2024,6745,Late,7
A1123,U094,7,2024,6681,Paid,0
A1124,U094,8,2024,6691,Paid,0
A1125,U094,9,2024,6650,Paid,0
A1126,U094,10,2024,6805,Paid,0
A1127,U094,11,2024,6719,Paid,0
A1128,U094,12,2024,6824,Paid,0
A1129,U095,1,2024,6372,Paid,0
A1130,U095,2,2024,6229,Paid,0
A1131,U095,3,2024,6384,Paid,0
A1132,U095,4,2024,6359,Paid,0
A1133,U095,5,2024,6296,Paid,0
A1134,U095,6,2024,6305,Late,11
A1135,U095,7,2024,3594,Arrears,85
A1136,U095,8,2024,6281,Paid,0
A1137,U095,9,2024,6315,Paid,0
A1138,U095,10,2024,6305,Late,24
A1139,U095,11,2024,6387,Paid,0
A1140,U095,12,2024,6374,Paid,0
A1141,U096,1,2024,6834,Paid,0
A1142,U096,2,2024,6703,Paid,0
A1143,U096,3,2024,6675,Paid,0
A1144,U096,4,2024,2866,Arrears,82
A1145,U096,5,2024,6663,Paid,0
A1146,U096,6,2024,6818,Paid,0
A1147,U096,7,2024,6674,Paid,0
A1148,U096,8,2024,6660,Paid,0
A1149,U096,9,2024,0,Vacant,0
A1150,U096,10,2024,6794,Paid,0
A1151,U096,11,2024,0,Vacant,0
A1152,U096,12,2024,4180,Arrears,66
A1153,U097,1,2024,6279,Paid,0
A1154,U097,2,2024,2296,Arrears,44
A1155,U097,3,2024,0,Vacant,0
A1156,U097,4,2024,6273,Paid,0
A1157,U097,5,2024,6145,Paid,0
A1158,U097,6,2024,4121,Arrears,87
A1159,U097,7,2024,6171,Paid,0
A1160,U097,8,2024,6282,Paid,0
A1161,U097,9,2024,6285,Paid,0
A1162,U097,10,2024,6156,Paid,0
A1163,U097,11,2024,0,Vacant,0
A1164,U097,12,2024,6304,Paid,0
A1165,U098,1,2024,10062,Paid,0
A1166,U098,2,2024,10050,Paid,0
A1167,U098,3,2024,9921,Paid,0
A1168,U098,4,2024,10005,Paid,0
A1169,U098,5,2024,9949,Paid,0
A1170,U098,6,2024,10047,Paid,0
A1171,U098,7,2024,9978,Paid,0
A1172,U098,8,2024,10004,Late,6
A1173,U098,9,2024,10081,Paid,0
A1174,U098,10,2024,10016,Paid,0
A1175,U098,11,2024,9905,Paid,0
A1176,U098,12,2024,9923,Paid,0
A1177,U099,1,2024,6378,Paid,0
A1178,U099,2,2024,6410,Paid,0
A1179,U099,3,2024,6279,Paid,0
A1180,U099,4,2024,6334,Paid,0
A1181,U099,5,2024,6363,Late,10
A1182,U099,6,2024,6396,Paid,0
A1183,U099,7,2024,6376,Paid,0
A1184,U099,8,2024,6301,Paid,0
A1185,U099,9,2024,6314,Paid,0
A1186,U099,10,2024,6340,Paid,0
A1187,U099,11,2024,2372,Arrears,78
A1188,U099,12,2024,6330,Paid,0
A1189,U100,1,2024,6610,Paid,0
A1190,U100,2,2024,6624,Paid,0
A1191,U100,3,2024,6642,Paid,0
A1192,U100,4,2024,6627,Late,23
A1193,U100,5,2024,6627,Late,29
A1194,U100,6,2024,6626,Paid,0
A1195,U100,7,2024,6537,Paid,0
A1196,U100,8,2024,6646,Paid,0
A1197,U100,9,2024,6584,Paid,0
A1198,U100,10,2024,6620,Paid,0
A1199,U100,11,2024,6572,Paid,0
A1200,U100,12,2024,6638,Paid,0
A1201,U101,1,2024,6583,Paid,0
A1202,U101,2,2024,6740,Paid,0
A1203,U101,3,2024,6651,Paid,0
A1204,U101,4,2024,6612,Paid,0
A1205,U101,5,2024,6745,Paid,0
A1206,U101,6,2024,3352,Arrears,87
A1207,U101,7,2024,0,Vacant,0
A1208,U101,8,2024,6765,Paid,0
A1209,U101,9,2024,6718,Paid,0
A1210,U101,10,2024,4677,Arrears,56
A1211,U101,11,2024,3349,Arrears,84
A1212,U101,12,2024,6671,Paid,0
A1213,U102,1,2024,7211,Paid,0
A1214,U102,2,2024,7317,Paid,0
A1215,U102,3,2024,7326,Paid,0
A1216,U102,4,2024,7148,Paid,0
A1217,U102,5,2024,7135,Paid,0
A1218,U102,6,2024,7265,Paid,0
A1219,U102,7,2024,7318,Paid,0
A1220,U102,8,2024,7327,Paid,0
A1221,U102,9,2024,7147,Paid,0
A1222,U102,10,2024,2191,Arrears,80
A1223,U102,11,2024,2631,Arrears,30
A1224,U102,12,2024,7210,Paid,0
A1225,U103,1,2024,7215,Paid,0
A1226,U103,2,2024,7112,Paid,0
A1227,U103,3,2024,7187,Paid,0
A1228,U103,4,2024,7168,Paid,0
A1229,U103,5,2024,7190,Paid,0
A1230,U103,6,2024,7146,Paid,0
A1231,U103,7,2024,2743,Arrears,42
A1232,U103,8,2024,7249,Paid,0
A1233,U103,9,2024,7230,Paid,0
A1234,U103,10,2024,7154,Paid,0
A1235,U103,11,2024,7283,Paid,0
A1236,U103,12,2024,7265,Paid,0
A1237,U104,1,2024,6581,Paid,0
A1238,U104,2,2024,6510,Paid,0
A1239,U104,3,2024,6426,Paid,0
A1240,U104,4,2024,6476,Paid,0
A1241,U104,5,2024,6454,Paid,0
A1242,U104,6,2024,0,Vacant,0
A1243,U104,7,2024,3826,Arrears,44
A1244,U104,8,2024,6529,Paid,0
A1245,U104,9,2024,6558,Paid,0
A1246,U104,10,2024,6457,Paid,0
A1247,U104,11,2024,6484,Paid,0
A1248,U104,12,2024,6466,Paid,0
A1249,U105,1,2024,6347,Paid,0
A1250,U105,2,2024,6397,Paid,0
A1251,U105,3,2024,6340,Paid,0
A1252,U105,4,2024,6384,Paid,0
A1253,U105,5,2024,6461,Paid,0
A1254,U105,6,2024,6333,Paid,0
A1255,U105,7,2024,3171,Arrears,55
A1256,U105,8,2024,6346,Paid,0
A1257,U105,9,2024,6277,Paid,0
A1258,U105,10,2024,6359,Paid,0
A1259,U105,11,2024,6350,Paid,0
A1260,U105,12,2024,3426,Arrears,50
A1261,U106,1,2024,4500,Paid,0
A1262,U106,2,2024,4575,Paid,0
A1263,U106,3,2024,4484,Paid,0
A1264,U106,4,2024,4457,Paid,0
A1265,U106,5,2024,0,Vacant,0
A1266,U106,6,2024,4440,Paid,0
A1267,U106,7,2024,4530,Paid,0
A1268,U106,8,2024,4550,Paid,0
A1269,U106,9,2024,4543,Paid,0
A1270,U106,10,2024,4458,Paid,0
A1271,U106,11,2024,4551,Paid,0
A1272,U106,12,2024,4465,Paid,0
A1273,U107,1,2024,6799,Paid,0
A1274,U107,2,2024,6704,Paid,0
A1275,U107,3,2024,6700,Late,24
A1276,U107,4,2024,6755,Paid,0
A1277,U107,5,2024,6737,Paid,0
A1278,U107,6,2024,6746,Paid,0
A1279,U107,7,2024,6678,Paid,0
A1280,U107,8,2024,6747,Paid,0
A1281,U107,9,2024,0,Vacant,0
A1282,U107,10,2024,6771,Paid,0
A1283,U107,11,2024,6787,Paid,0
A1284,U107,12,2024,6651,Paid,0
A1285,U108,1,2024,10156,Paid,0
A1286,U108,2,2024,10109,Paid,0
A1287,U108,3,2024,10135,Paid,0
A1288,U108,4,2024,0,Vacant,0
A1289,U108,5,2024,10076,Paid,0
A1290,U108,6,2024,10157,Paid,0
A1291,U108,7,2024,10087,Paid,0
A1292,U108,8,2024,10144,Paid,0
A1293,U108,9,2024,10116,Paid,0
A1294,U108,10,2024,10075,Paid,0
A1295,U108,11,2024,10134,Paid,0
A1296,U108,12,2024,10187,Paid,0
A1297,U109,1,2024,6290,Late,13
A1298,U109,2,2024,6290,Late,18
A1299,U109,3,2024,6292,Paid,0
A1300,U109,4,2024,6317,Paid,0
A1301,U109,5,2024,6330,Paid,0
A1302,U109,6,2024,6387,Paid,0
A1303,U109,7,2024,6240,Paid,0
A1304,U109,8,2024,6322,Paid,0
A1305,U109,9,2024,6323,Paid,0
A1306,U109,10,2024,6264,Paid,0
A1307,U109,11,2024,6194,Paid,0
A1308,U109,12,2024,6302,Paid,0
A1309,U110,1,2024,4245,Paid,0
A1310,U110,2,2024,4163,Paid,0
A1311,U110,3,2024,4196,Paid,0
A1312,U110,4,2024,4313,Paid,0
A1313,U110,5,2024,4237,Paid,0
A1314,U110,6,2024,4278,Paid,0
A1315,U110,7,2024,4310,Paid,0
A1316,U110,8,2024,4204,Paid,0
A1317,U110,9,2024,4252,Late,10
A1318,U110,10,2024,0,Vacant,0
A1319,U110,11,2024,4239,Paid,0
A1320,U110,12,2024,4299,Paid,0
A1321,U111,1,2024,4441,Paid,0
A1322,U111,2,2024,4354,Late,24
A1323,U111,3,2024,4392,Paid,0
A1324,U111,4,2024,4339,Paid,0
A1325,U111,5,2024,4288,Paid,0
A1326,U111,6,2024,4426,Paid,0
A1327,U111,7,2024,4323,Paid,0
A1328,U111,8,2024,4352,Paid,0
A1329,U111,9,2024,4318,Paid,0
A1330,U111,10,2024,0,Vacant,0
A1331,U111,11,2024,4330,Paid,0
A1332,U111,12,2024,0,Vacant,0
A1333,U112,1,2024,4649,Paid,0
A1334,U112,2,2024,4697,Paid,0
A1335,U112,3,2024,4722,Late,15
A1336,U112,4,2024,0,Vacant,0
A1337,U112,5,2024,4665,Paid,0
A1338,U112,6,2024,4819,Paid,0
A1339,U112,7,2024,4790,Paid,0
A1340,U112,8,2024,4767,Paid,0
A1341,U112,9,2024,0,Vacant,0
A1342,U112,10,2024,4696,Paid,0
A1343,U112,11,2024,4670,Paid,0
A1344,U112,12,2024,1652,Arrears,38
A1345,U113,1,2024,4339,Paid,0
A1346,U113,2,2024,4303,Paid,0
A1347,U113,3,2024,4219,Paid,0
A1348,U113,4,2024,4351,Paid,0
A1349,U113,5,2024,4325,Paid,0
A1350,U113,6,2024,4241,Paid,0
A1351,U113,7,2024,0,Vacant,0
A1352,U113,8,2024,4325,Paid,0
A1353,U113,9,2024,4218,Paid,0
A1354,U113,10,2024,4271,Paid,0
A1355,U113,11,2024,4249,Paid,0
A1356,U113,12,2024,4275,Paid,0
A1357,U114,1,2024,10343,Paid,0
A1358,U114,2,2024,10332,Paid,0
A1359,U114,3,2024,4531,Arrears,35
A1360,U114,4,2024,6042,Arrears,40
A1361,U114,5,2024,10239,Paid,0
A1362,U114,6,2024,10259,Late,13
A1363,U114,7,2024,6469,Arrears,81
A1364,U114,8,2024,10161,Paid,0
A1365,U114,9,2024,10244,Paid,0
A1366,U114,10,2024,10329,Paid,0
A1367,U114,11,2024,10346,Paid,0
A1368,U114,12,2024,10271,Paid,0
A1369,U115,1,2024,7219,Paid,0
A1370,U115,2,2024,7177,Paid,0
A1371,U115,3,2024,7252,Paid,0
A1372,U115,4,2024,0,Vacant,0
A1373,U115,5,2024,3478,Arrears,49
A1374,U115,6,2024,7284,Paid,0
A1375,U115,7,2024,7151,Paid,0
A1376,U115,8,2024,0,Vacant,0
A1377,U115,9,2024,7284,Paid,0
A1378,U115,10,2024,7232,Paid,0
A1379,U115,11,2024,7252,Paid,0
A1380,U115,12,2024,7218,Paid,0
A1381,U116,1,2024,4754,Paid,0
A1382,U116,2,2024,4744,Paid,0
A1383,U116,3,2024,4848,Paid,0
A1384,U116,4,2024,4821,Paid,0
A1385,U116,5,2024,4712,Paid,0
A1386,U116,6,2024,4788,Late,19
A1387,U116,7,2024,4777,Paid,0
A1388,U116,8,2024,0,Vacant,0
A1389,U116,9,2024,4764,Paid,0
A1390,U116,10,2024,4747,Paid,0
A1391,U116,11,2024,4824,Paid,0
A1392,U116,12,2024,4695,Paid,0
A1393,U117,1,2024,4332,Paid,0
A1394,U117,2,2024,4423,Late,25
A1395,U117,3,2024,4420,Paid,0
A1396,U117,4,2024,4502,Paid,0
A1397,U117,5,2024,4409,Paid,0
A1398,U117,6,2024,4519,Paid,0
A1399,U117,7,2024,4447,Paid,0
A1400,U117,8,2024,0,Vacant,0
A1401,U117,9,2024,4447,Paid,0
A1402,U117,10,2024,0,Vacant,0
A1403,U117,11,2024,4407,Paid,0
A1404,U117,12,2024,4523,Paid,0
A1405,U118,1,2024,6498,Paid,0
A1406,U118,2,2024,2992,Arrears,43
A1407,U118,3,2024,6580,Paid,0
A1408,U118,4,2024,6472,Paid,0
A1409,U118,5,2024,3895,Arrears,36
A1410,U118,6,2024,2921,Arrears,46
A1411,U118,7,2024,6466,Paid,0
A1412,U118,8,2024,6456,Paid,0
A1413,U118,9,2024,6565,Paid,0
A1414,U118,10,2024,6465,Paid,0
A1415,U118,11,2024,0,Vacant,0
A1416,U118,12,2024,2985,Arrears,42
A1417,U119,1,2024,9944,Late,7
A1418,U119,2,2024,9960,Paid,0
A1419,U119,3,2024,9863,Paid,0
A1420,U119,4,2024,0,Vacant,0
A1421,U119,5,2024,9898,Paid,0
A1422,U119,6,2024,9994,Paid,0
A1423,U119,7,2024,0,Vacant,0
A1424,U119,8,2024,9948,Paid,0
A1425,U119,9,2024,0,Vacant,0
A1426,U119,10,2024,9964,Paid,0
A1427,U119,11,2024,9932,Paid,0
A1428,U119,12,2024,9995,Paid,0
A1429,U120,1,2024,3574,Arrears,47
A1430,U120,2,2024,7065,Paid,0
A1431,U120,3,2024,4311,Arrears,41
A1432,U120,4,2024,6980,Paid,0
A1433,U120,5,2024,7041,Paid,0
A1434,U120,6,2024,7049,Paid,0
A1435,U120,7,2024,7009,Paid,0
A1436,U120,8,2024,6966,Late,21
A1437,U120,9,2024,6893,Paid,0
A1438,U120,10,2024,7048,Paid,0
A1439,U120,11,2024,7013,Paid,0
A1440,U120,12,2024,6989,Paid,0
A1441,U121,1,2024,7110,Paid,0
A1442,U121,2,2024,7163,Paid,0
A1443,U121,3,2024,7079,Late,28
A1444,U121,4,2024,7084,Paid,0
A1445,U121,5,2024,7079,Late,28
A1446,U121,6,2024,7030,Paid,0
A1447,U121,7,2024,7016,Paid,0
A1448,U121,8,2024,7131,Paid,0
A1449,U121,9,2024,7027,Paid,0
A1450,U121,10,2024,7150,Paid,0
A1451,U121,11,2024,7112,Paid,0
A1452,U121,12,2024,4735,Arrears,81
A1453,U122,1,2024,7323,Paid,0
A1454,U122,2,2024,7234,Paid,0
A1455,U122,3,2024,7212,Paid,0
A1456,U122,4,2024,7358,Paid,0
A1457,U122,5,2024,7189,Paid,0
A1458,U122,6,2024,7209,Paid,0
A1459,U122,7,2024,7363,Paid,0
A1460,U122,8,2024,7247,Paid,0
A1461,U122,9,2024,7333,Paid,0
A1462,U122,10,2024,7308,Paid,0
A1463,U122,11,2024,7271,Paid,0
A1464,U122,12,2024,7359,Paid,0
A1465,U123,1,2024,4384,Paid,0
A1466,U123,2,2024,0,Vacant,0
A1467,U123,3,2024,4417,Late,28
A1468,U123,4,2024,4398,Paid,0
A1469,U123,5,2024,4449,Paid,0
A1470,U123,6,2024,4412,Paid,0
A1471,U123,7,2024,4381,Paid,0
A1472,U123,8,2024,4344,Paid,0
A1473,U123,9,2024,4372,Paid,0
A1474,U123,10,2024,0,Vacant,0
A1475,U123,11,2024,4475,Paid,0
A1476,U123,12,2024,4461,Paid,0
A1477,U124,1,2024,6647,Paid,0
A1478,U124,2,2024,6714,Paid,0
A1479,U124,3,2024,6662,Paid,0
A1480,U124,4,2024,6676,Paid,0
A1481,U124,5,2024,6639,Paid,0
A1482,U124,6,2024,6731,Paid,0
A1483,U124,7,2024,6749,Paid,0
A1484,U124,8,2024,6649,Paid,0
A1485,U124,9,2024,2596,Arrears,32
A1486,U124,10,2024,6673,Paid,0
A1487,U124,11,2024,6637,Paid,0
A1488,U124,12,2024,6658,Paid,0
A1489,U125,1,2024,6932,Paid,0
A1490,U125,2,2024,6884,Late,20
A1491,U125,3,2024,6786,Paid,0
A1492,U125,4,2024,6872,Paid,0
A1493,U125,5,2024,6917,Paid,0
A1494,U125,6,2024,6942,Paid,0
A1495,U125,7,2024,6884,Late,7
A1496,U125,8,2024,6882,Paid,0
A1497,U125,9,2024,6884,Late,26
A1498,U125,10,2024,6970,Paid,0
A1499,U125,11,2024,0,Vacant,0
A1500,U125,12,2024,6959,Paid,0
A1501,U126,1,2024,6636,Arrears,73
A1502,U126,2,2024,13830,Paid,0
A1503,U126,3,2024,13828,Paid,0
A1504,U126,4,2024,13771,Paid,0
A1505,U126,5,2024,13829,Paid,0
A1506,U126,6,2024,13746,Paid,0
A1507,U126,7,2024,13719,Paid,0
A1508,U126,8,2024,13814,Paid,0
A1509,U126,9,2024,13906,Paid,0
A1510,U126,10,2024,13828,Paid,0
A1511,U126,11,2024,13763,Paid,0
A1512,U126,12,2024,13813,Paid,0
A1513,U127,1,2024,0,Vacant,0
A1514,U127,2,2024,0,Vacant,0
A1515,U127,3,2024,3118,Arrears,64
A1516,U127,4,2024,7868,Paid,0
A1517,U127,5,2024,8033,Paid,0
A1518,U127,6,2024,7898,Paid,0
A1519,U127,7,2024,8065,Paid,0
A1520,U127,8,2024,5345,Arrears,78
A1521,U127,9,2024,7934,Paid,0
A1522,U127,10,2024,7911,Paid,0
A1523,U127,11,2024,7913,Paid,0
A1524,U127,12,2024,7968,Late,9
A1525,U128,1,2024,6416,Arrears,74
A1526,U128,2,2024,13691,Paid,0
A1527,U128,3,2024,13627,Paid,0
A1528,U128,4,2024,13633,Paid,0
A1529,U128,5,2024,13714,Paid,0
A1530,U128,6,2024,13805,Paid,0
A1531,U128,7,2024,13625,Paid,0
A1532,U128,8,2024,0,Vacant,0
A1533,U128,9,2024,13784,Paid,0
A1534,U128,10,2024,13650,Paid,0
A1535,U128,11,2024,9078,Arrears,30
A1536,U128,12,2024,13707,Paid,0
A1537,U129,1,2024,4098,Arrears,82
A1538,U129,2,2024,0,Vacant,0
A1539,U129,3,2024,6980,Paid,0
A1540,U129,4,2024,4181,Arrears,51
A1541,U129,5,2024,4392,Arrears,62
A1542,U129,6,2024,7051,Paid,0
A1543,U129,7,2024,7019,Paid,0
A1544,U129,8,2024,7027,Late,14
A1545,U129,9,2024,2392,Arrears,88
A1546,U129,10,2024,7090,Paid,0
A1547,U129,11,2024,7120,Paid,0
A1548,U129,12,2024,7045,Paid,0
A1549,U130,1,2024,14101,Paid,0
A1550,U130,2,2024,14232,Paid,0
A1551,U130,3,2024,14249,Paid,0
A1552,U130,4,2024,8226,Arrears,40
A1553,U130,5,2024,0,Vacant,0
A1554,U130,6,2024,14213,Paid,0
A1555,U130,7,2024,14160,Paid,0
A1556,U130,8,2024,0,Vacant,0
A1557,U130,9,2024,14182,Paid,0
A1558,U130,10,2024,14219,Paid,0
A1559,U130,11,2024,14233,Paid,0
A1560,U130,12,2024,14107,Paid,0
A1561,U131,1,2024,3484,Arrears,39
A1562,U131,2,2024,0,Vacant,0
A1563,U131,3,2024,7058,Late,13
A1564,U131,4,2024,6960,Paid,0
A1565,U131,5,2024,6996,Paid,0
A1566,U131,6,2024,7082,Paid,0
A1567,U131,7,2024,4392,Arrears,49
A1568,U131,8,2024,6990,Paid,0
A1569,U131,9,2024,7137,Paid,0
A1570,U131,10,2024,7154,Paid,0
A1571,U131,11,2024,0,Vacant,0
A1572,U131,12,2024,7063,Paid,0
A1573,U132,1,2024,4417,Arrears,44
A1574,U132,2,2024,8005,Paid,0
A1575,U132,3,2024,2952,Arrears,36
A1576,U132,4,2024,8029,Late,13
A1577,U132,5,2024,8029,Late,20
A1578,U132,6,2024,7978,Paid,0
A1579,U132,7,2024,4156,Arrears,30
A1580,U132,8,2024,7955,Paid,0
A1581,U132,9,2024,8032,Paid,0
A1582,U132,10,2024,0,Vacant,0
A1583,U132,11,2024,0,Vacant,0
A1584,U132,12,2024,8123,Paid,0
A1585,U133,1,2024,0,Vacant,0
A1586,U133,2,2024,9237,Arrears,74
A1587,U133,3,2024,13800,Late,7
A1588,U133,4,2024,13775,Paid,0
A1589,U133,5,2024,13800,Late,23
A1590,U133,6,2024,8420,Arrears,83
A1591,U133,7,2024,0,Vacant,0
A1592,U133,8,2024,13732,Paid,0
A1593,U133,9,2024,7045,Arrears,55
A1594,U133,10,2024,13878,Paid,0
A1595,U133,11,2024,13749,Paid,0
A1596,U133,12,2024,13711,Paid,0
A1597,U134,1,2024,14176,Paid,0
A1598,U134,2,2024,14103,Late,6
A1599,U134,3,2024,14123,Paid,0
A1600,U134,4,2024,14168,Paid,0
A1601,U134,5,2024,14164,Paid,0
A1602,U134,6,2024,14082,Paid,0
A1603,U134,7,2024,0,Vacant,0
A1604,U134,8,2024,14141,Paid,0
A1605,U134,9,2024,6295,Arrears,31
A1606,U134,10,2024,7948,Arrears,49
A1607,U134,11,2024,14057,Paid,0
A1608,U134,12,2024,14103,Paid,0
A1609,U135,1,2024,0,Vacant,0
A1610,U135,2,2024,6841,Paid,0
A1611,U135,3,2024,6862,Paid,0
A1612,U135,4,2024,0,Vacant,0
A1613,U135,5,2024,6855,Paid,0
A1614,U135,6,2024,6820,Paid,0
A1615,U135,7,2024,6878,Paid,0
A1616,U135,8,2024,0,Vacant,0
A1617,U135,9,2024,6850,Paid,0
A1618,U135,10,2024,6873,Paid,0
A1619,U135,11,2024,0,Vacant,0
A1620,U135,12,2024,6784,Late,28
A1621,U136,1,2024,14019,Paid,0
A1622,U136,2,2024,14082,Paid,0
A1623,U136,3,2024,14047,Paid,0
A1624,U136,4,2024,0,Vacant,0
A1625,U136,5,2024,14056,Paid,0
A1626,U136,6,2024,14046,Late,17
A1627,U136,7,2024,14040,Paid,0
A1628,U136,8,2024,14047,Paid,0
A1629,U136,9,2024,4971,Arrears,30
A1630,U136,10,2024,0,Vacant,0
A1631,U136,11,2024,14131,Paid,0
A1632,U136,12,2024,14042,Paid,0
A1633,U137,1,2024,0,Vacant,0
A1634,U137,2,2024,0,Vacant,0
A1635,U137,3,2024,6723,Paid,0
A1636,U137,4,2024,2411,Arrears,82
A1637,U137,5,2024,6745,Paid,0
A1638,U137,6,2024,6800,Paid,0
A1639,U137,7,2024,6836,Paid,0
A1640,U137,8,2024,6759,Paid,0
A1641,U137,9,2024,6777,Paid,0
A1642,U137,10,2024,6740,Paid,0
A1643,U137,11,2024,6757,Paid,0
A1644,U137,12,2024,6785,Late,26
A1645,U138,1,2024,6815,Paid,0
A1646,U138,2,2024,6738,Paid,0
A1647,U138,3,2024,6750,Paid,0
A1648,U138,4,2024,6714,Paid,0
A1649,U138,5,2024,6849,Paid,0
A1650,U138,6,2024,6838,Paid,0
A1651,U138,7,2024,6793,Paid,0
A1652,U138,8,2024,6720,Paid,0
A1653,U138,9,2024,6795,Paid,0
A1654,U138,10,2024,6733,Paid,0
A1655,U138,11,2024,6783,Paid,0
A1656,U138,12,2024,6726,Paid,0
A1657,U139,1,2024,6992,Paid,0
A1658,U139,2,2024,7052,Paid,0
A1659,U139,3,2024,0,Vacant,0
A1660,U139,4,2024,2418,Arrears,69
A1661,U139,5,2024,7042,Paid,0
A1662,U139,6,2024,3331,Arrears,39
A1663,U139,7,2024,6914,Paid,0
A1664,U139,8,2024,7081,Paid,0
A1665,U139,9,2024,0,Vacant,0
A1666,U139,10,2024,6997,Paid,0
A1667,U139,11,2024,3648,Arrears,77
A1668,U139,12,2024,7012,Paid,0
A1669,U140,1,2024,8210,Paid,0
A1670,U140,2,2024,8237,Paid,0
A1671,U140,3,2024,8245,Late,18
A1672,U140,4,2024,8210,Paid,0
A1673,U140,5,2024,8278,Paid,0
A1674,U140,6,2024,8330,Paid,0
A1675,U140,7,2024,5333,Arrears,90
A1676,U140,8,2024,5641,Arrears,59
A1677,U140,9,2024,8155,Paid,0
A1678,U140,10,2024,8153,Paid,0
A1679,U140,11,2024,0,Vacant,0
A1680,U140,12,2024,5633,Arrears,40
A1681,U141,1,2024,6867,Paid,0
A1682,U141,2,2024,6978,Paid,0
A1683,U141,3,2024,6905,Late,11
A1684,U141,4,2024,6996,Paid,0
A1685,U141,5,2024,2204,Arrears,70
A1686,U141,6,2024,6882,Paid,0
A1687,U141,7,2024,6905,Late,19
A1688,U141,8,2024,6881,Paid,0
A1689,U141,9,2024,2338,Arrears,82
A1690,U141,10,2024,6989,Paid,0
A1691,U141,11,2024,6973,Paid,0
A1692,U141,12,2024,6905,Late,23
A1693,U142,1,2024,7972,Paid,0
A1694,U142,2,2024,7949,Paid,0
A1695,U142,3,2024,8061,Paid,0
A1696,U142,4,2024,8011,Paid,0
A1697,U142,5,2024,8048,Paid,0
A1698,U142,6,2024,3966,Arrears,72
A1699,U142,7,2024,8102,Paid,0
A1700,U142,8,2024,0,Vacant,0
A1701,U142,9,2024,7994,Paid,0
A1702,U142,10,2024,3641,Arrears,38
A1703,U142,11,2024,3711,Arrears,40
A1704,U142,12,2024,4606,Arrears,73
A1705,U143,1,2024,4923,Arrears,35
A1706,U143,2,2024,7937,Paid,0
A1707,U143,3,2024,0,Vacant,0
A1708,U143,4,2024,7937,Paid,0
A1709,U143,5,2024,7910,Paid,0
A1710,U143,6,2024,8065,Paid,0
A1711,U143,7,2024,4093,Arrears,78
A1712,U143,8,2024,7901,Paid,0
A1713,U143,9,2024,5346,Arrears,31
A1714,U143,10,2024,3002,Arrears,60
A1715,U143,11,2024,8022,Paid,0
A1716,U143,12,2024,8005,Paid,0
A1717,U144,1,2024,7173,Paid,0
A1718,U144,2,2024,7237,Paid,0
A1719,U144,3,2024,7159,Paid,0
A1720,U144,4,2024,7102,Paid,0
A1721,U144,5,2024,7093,Paid,0
A1722,U144,6,2024,2867,Arrears,44
A1723,U144,7,2024,7144,Paid,0
A1724,U144,8,2024,7147,Paid,0
A1725,U144,9,2024,7069,Paid,0
A1726,U144,10,2024,7198,Paid,0
A1727,U144,11,2024,7119,Paid,0
A1728,U144,12,2024,3567,Arrears,69
A1729,U145,1,2024,14192,Paid,0
A1730,U145,2,2024,0,Vacant,0
A1731,U145,3,2024,14337,Paid,0
A1732,U145,4,2024,9334,Arrears,64
A1733,U145,5,2024,0,Vacant,0
A1734,U145,6,2024,0,Vacant,0
A1735,U145,7,2024,14185,Paid,0
A1736,U145,8,2024,14298,Paid,0
A1737,U145,9,2024,14242,Late,9
A1738,U145,10,2024,14242,Late,13
A1739,U145,11,2024,14310,Paid,0
A1740,U145,12,2024,14235,Paid,0
A1741,U146,1,2024,14036,Paid,0
A1742,U146,2,2024,13942,Paid,0
A1743,U146,3,2024,13991,Late,19
A1744,U146,4,2024,14001,Paid,0
A1745,U146,5,2024,4604,Arrears,54
A1746,U146,6,2024,13945,Paid,0
A1747,U146,7,2024,14072,Paid,0
A1748,U146,8,2024,14056,Paid,0
A1749,U146,9,2024,13918,Paid,0
A1750,U146,10,2024,14036,Paid,0
A1751,U146,11,2024,13918,Paid,0
A1752,U146,12,2024,13991,Late,7
A1753,U147,1,2024,7041,Paid,0
A1754,U147,2,2024,0,Vacant,0
A1755,U147,3,2024,7104,Paid,0
A1756,U147,4,2024,7010,Paid,0
A1757,U147,5,2024,7088,Paid,0
A1758,U147,6,2024,2766,Arrears,90
A1759,U147,7,2024,7166,Paid,0
A1760,U147,8,2024,7075,Late,25
A1761,U147,9,2024,0,Vacant,0
A1762,U147,10,2024,0,Vacant,0
A1763,U147,11,2024,0,Vacant,0
A1764,U147,12,2024,7118,Paid,0
A1765,U148,1,2024,9764,Arrears,58
A1766,U148,2,2024,14205,Paid,0
A1767,U148,3,2024,14226,Paid,0
A1768,U148,4,2024,9150,Arrears,36
A1769,U148,5,2024,0,Vacant,0
A1770,U148,6,2024,0,Vacant,0
A1771,U148,7,2024,14142,Late,23
A1772,U148,8,2024,14136,Paid,0
A1773,U148,9,2024,5132,Arrears,39
A1774,U148,10,2024,0,Vacant,0
A1775,U148,11,2024,14219,Paid,0
A1776,U148,12,2024,6041,Arrears,64
A1777,U149,1,2024,14048,Late,8
A1778,U149,2,2024,14048,Late,29
A1779,U149,3,2024,13952,Paid,0
A1780,U149,4,2024,5344,Arrears,36
A1781,U149,5,2024,14037,Paid,0
A1782,U149,6,2024,14048,Late,16
A1783,U149,7,2024,14048,Late,6
A1784,U149,8,2024,5672,Arrears,37
A1785,U149,9,2024,0,Vacant,0
A1786,U149,10,2024,0,Vacant,0
A1787,U149,11,2024,9459,Arrears,65
A1788,U149,12,2024,14048,Late,11
A1789,U150,1,2024,7151,Paid,0
A1790,U150,2,2024,7275,Paid,0
A1791,U150,3,2024,7295,Paid,0
A1792,U150,4,2024,7260,Paid,0
A1793,U150,5,2024,7235,Late,23
A1794,U150,6,2024,0,Vacant,0
A1795,U150,7,2024,7270,Paid,0
A1796,U150,8,2024,7235,Late,15
A1797,U150,9,2024,7135,Paid,0
A1798,U150,10,2024,7276,Paid,0
A1799,U150,11,2024,7235,Late,29
A1800,U150,12,2024,7272,Paid,0
