target_id,unit_id,month,year,target_rent_aed
T0001,U001,1,2024,4613
T0002,U001,2,2024,4613
T0003,U001,3,2024,4613
T0004,U001,4,2024,4613
T0005,U001,5,2024,4613
T0006,U001,6,2024,4613
T0007,U001,7,2024,4613
T0008,U001,8,2024,4613
T0009,U001,9,2024,4613
T0010,U001,10,2024,4613
T0011,U001,11,2024,4613
T0012,U001,12,2024,4613
T0013,U002,1,2024,4546
T0014,U002,2,2024,4546
T0015,U002,3,2024,4546
T0016,U002,4,2024,4546
T0017,U002,5,2024,4546
T0018,U002,6,2024,4546
T0019,U002,7,2024,4546
T0020,U002,8,2024,4546
T0021,U002,9,2024,4546
T0022,U002,10,2024,4546
T0023,U002,11,2024,4546
T0024,U002,12,2024,4546
T0025,U003,1,2024,6381
T0026,U003,2,2024,6381
T0027,U003,3,2024,6381
T0028,U003,4,2024,6381
T0029,U003,5,2024,6381
T0030,U003,6,2024,6381
T0031,U003,7,2024,6381
T0032,U003,8,2024,6381
T0033,U003,9,2024,6381
T0034,U003,10,2024,6381
T0035,U003,11,2024,6381
T0036,U003,12,2024,6381
T0037,U004,1,2024,13062
T0038,U004,2,2024,13062
T0039,U004,3,2024,13062
T0040,U004,4,2024,13062
T0041,U004,5,2024,13062
T0042,U004,6,2024,13062
T0043,U004,7,2024,13062
T0044,U004,8,2024,13062
T0045,U004,9,2024,13062
T0046,U004,10,2024,13062
T0047,U004,11,2024,13062
T0048,U004,12,2024,13062
T0049,U005,1,2024,9070
T0050,U005,2,2024,9070
T0051,U005,3,2024,9070
T0052,U005,4,2024,9070
T0053,U005,5,2024,9070
T0054,U005,6,2024,9070
T0055,U005,7,2024,9070
T0056,U005,8,2024,9070
T0057,U005,9,2024,9070
T0058,U005,10,2024,9070
T0059,U005,11,2024,9070
T0060,U005,12,2024,9070
T0061,U006,1,2024,6518
T0062,U006,2,2024,6518
T0063,U006,3,2024,6518
T0064,U006,4,2024,6518
T0065,U006,5,2024,6518
T0066,U006,6,2024,6518
T0067,U006,7,2024,6518
T0068,U006,8,2024,6518
T0069,U006,9,2024,6518
T0070,U006,10,2024,6518
T0071,U006,11,2024,6518
T0072,U006,12,2024,6518
T0073,U007,1,2024,9141
T0074,U007,2,2024,9141
T0075,U007,3,2024,9141
T0076,U007,4,2024,9141
T0077,U007,5,2024,9141
T0078,U007,6,2024,9141
T0079,U007,7,2024,9141
T0080,U007,8,2024,9141
T0081,U007,9,2024,9141
T0082,U007,10,2024,9141
T0083,U007,11,2024,9141
T0084,U007,12,2024,9141
T0085,U008,1,2024,6436
T0086,U008,2,2024,6436
T0087,U008,3,2024,6436
T0088,U008,4,2024,6436
T0089,U008,5,2024,6436
T0090,U008,6,2024,6436
T0091,U008,7,2024,6436
T0092,U008,8,2024,6436
T0093,U008,9,2024,6436
T0094,U008,10,2024,6436
T0095,U008,11,2024,6436
T0096,U008,12,2024,6436
T0097,U009,1,2024,4494
T0098,U009,2,2024,4494
T0099,U009,3,2024,4494
T0100,U009,4,2024,4494
T0101,U009,5,2024,4494
T0102,U009,6,2024,4494
T0103,U009,7,2024,4494
T0104,U009,8,2024,4494
T0105,U009,9,2024,4494
T0106,U009,10,2024,4494
T0107,U009,11,2024,4494
T0108,U009,12,2024,4494
T0109,U010,1,2024,9157
T0110,U010,2,2024,9157
T0111,U010,3,2024,9157
T0112,U010,4,2024,9157
T0113,U010,5,2024,9157
T0114,U010,6,2024,9157
T0115,U010,7,2024,9157
T0116,U010,8,2024,9157
T0117,U010,9,2024,9157
T0118,U010,10,2024,9157
T0119,U010,11,2024,9157
T0120,U010,12,2024,9157
T0121,U011,1,2024,6537
T0122,U011,2,2024,6537
T0123,U011,3,2024,6537
T0124,U011,4,2024,6537
T0125,U011,5,2024,6537
T0126,U011,6,2024,6537
T0127,U011,7,2024,6537
T0128,U011,8,2024,6537
T0129,U011,9,2024,6537
T0130,U011,10,2024,6537
T0131,U011,11,2024,6537
T0132,U011,12,2024,6537
T0133,U012,1,2024,8979
T0134,U012,2,2024,8979
T0135,U012,3,2024,8979
T0136,U012,4,2024,8979
T0137,U012,5,2024,8979
T0138,U012,6,2024,8979
T0139,U012,7,2024,8979
T0140,U012,8,2024,8979
T0141,U012,9,2024,8979
T0142,U012,10,2024,8979
T0143,U012,11,2024,8979
T0144,U012,12,2024,8979
T0145,U013,1,2024,6437
T0146,U013,2,2024,6437
T0147,U013,3,2024,6437
T0148,U013,4,2024,6437
T0149,U013,5,2024,6437
T0150,U013,6,2024,6437
T0151,U013,7,2024,6437
T0152,U013,8,2024,6437
T0153,U013,9,2024,6437
T0154,U013,10,2024,6437
T0155,U013,11,2024,6437
T0156,U013,12,2024,6437
T0157,U014,1,2024,6780
T0158,U014,2,2024,6780
T0159,U014,3,2024,6780
T0160,U014,4,2024,6780
T0161,U014,5,2024,6780
T0162,U014,6,2024,6780
T0163,U014,7,2024,6780
T0164,U014,8,2024,6780
T0165,U014,9,2024,6780
T0166,U014,10,2024,6780
T0167,U014,11,2024,6780
T0168,U014,12,2024,6780
T0169,U015,1,2024,6524
T0170,U015,2,2024,6524
T0171,U015,3,2024,6524
T0172,U015,4,2024,6524
T0173,U015,5,2024,6524
T0174,U015,6,2024,6524
T0175,U015,7,2024,6524
T0176,U015,8,2024,6524
T0177,U015,9,2024,6524
T0178,U015,10,2024,6524
T0179,U015,11,2024,6524
T0180,U015,12,2024,6524
T0181,U016,1,2024,9279
T0182,U016,2,2024,9279
T0183,U016,3,2024,9279
T0184,U016,4,2024,9279
T0185,U016,5,2024,9279
T0186,U016,6,2024,9279
T0187,U016,7,2024,9279
T0188,U016,8,2024,9279
T0189,U016,9,2024,9279
T0190,U016,10,2024,9279
T0191,U016,11,2024,9279
T0192,U016,12,2024,9279
T0193,U017,1,2024,12863
T0194,U017,2,2024,12863
T0195,U017,3,2024,12863
T0196,U017,4,2024,12863
T0197,U017,5,2024,12863
T0198,U017,6,2024,12863
T0199,U017,7,2024,12863
T0200,U017,8,2024,12863
T0201,U017,9,2024,12863
T0202,U017,10,2024,12863
T0203,U017,11,2024,12863
T0204,U017,12,2024,12863
T0205,U018,1,2024,9131
T0206,U018,2,2024,9131
T0207,U018,3,2024,9131
T0208,U018,4,2024,9131
T0209,U018,5,2024,9131
T0210,U018,6,2024,9131
T0211,U018,7,2024,9131
T0212,U018,8,2024,9131
T0213,U018,9,2024,9131
T0214,U018,10,2024,9131
T0215,U018,11,2024,9131
T0216,U018,12,2024,9131
T0217,U019,1,2024,6573
T0218,U019,2,2024,6573
T0219,U019,3,2024,6573
T0220,U019,4,2024,6573
T0221,U019,5,2024,6573
T0222,U019,6,2024,6573
T0223,U019,7,2024,6573
T0224,U019,8,2024,6573
T0225,U019,9,2024,6573
T0226,U019,10,2024,6573
T0227,U019,11,2024,6573
T0228,U019,12,2024,6573
T0229,U020,1,2024,6272
T0230,U020,2,2024,6272
T0231,U020,3,2024,6272
T0232,U020,4,2024,6272
T0233,U020,5,2024,6272
T0234,U020,6,2024,6272
T0235,U020,7,2024,6272
T0236,U020,8,2024,6272
T0237,U020,9,2024,6272
T0238,U020,10,2024,6272
T0239,U020,11,2024,6272
T0240,U020,12,2024,6272
T0241,U021,1,2024,6514
T0242,U021,2,2024,6514
T0243,U021,3,2024,6514
T0244,U021,4,2024,6514
T0245,U021,5,2024,6514
T0246,U021,6,2024,6514
T0247,U021,7,2024,6514
T0248,U021,8,2024,6514
T0249,U021,9,2024,6514
T0250,U021,10,2024,6514
T0251,U021,11,2024,6514
T0252,U021,12,2024,6514
T0253,U022,1,2024,8993
T0254,U022,2,2024,8993
T0255,U022,3,2024,8993
T0256,U022,4,2024,8993
T0257,U022,5,2024,8993
T0258,U022,6,2024,8993
T0259,U022,7,2024,8993
T0260,U022,8,2024,8993
T0261,U022,9,2024,8993
T0262,U022,10,2024,8993
T0263,U022,11,2024,8993
T0264,U022,12,2024,8993
T0265,U023,1,2024,12809
T0266,U023,2,2024,12809
T0267,U023,3,2024,12809
T0268,U023,4,2024,12809
T0269,U023,5,2024,12809
T0270,U023,6,2024,12809
T0271,U023,7,2024,12809
T0272,U023,8,2024,12809
T0273,U023,9,2024,12809
T0274,U023,10,2024,12809
T0275,U023,11,2024,12809
T0276,U023,12,2024,12809
T0277,U024,1,2024,8771
T0278,U024,2,2024,8771
T0279,U024,3,2024,8771
T0280,U024,4,2024,8771
T0281,U024,5,2024,8771
T0282,U024,6,2024,8771
T0283,U024,7,2024,8771
T0284,U024,8,2024,8771
T0285,U024,9,2024,8771
T0286,U024,10,2024,8771
T0287,U024,11,2024,8771
T0288,U024,12,2024,8771
T0289,U025,1,2024,6769
T0290,U025,2,2024,6769
T0291,U025,3,2024,6769
T0292,U025,4,2024,6769
T0293,U025,5,2024,6769
T0294,U025,6,2024,6769
T0295,U025,7,2024,6769
T0296,U025,8,2024,6769
T0297,U025,9,2024,6769
T0298,U025,10,2024,6769
T0299,U025,11,2024,6769
T0300,U025,12,2024,6769
T0301,U026,1,2024,6394
T0302,U026,2,2024,6394
T0303,U026,3,2024,6394
T0304,U026,4,2024,6394
T0305,U026,5,2024,6394
T0306,U026,6,2024,6394
T0307,U026,7,2024,6394
T0308,U026,8,2024,6394
T0309,U026,9,2024,6394
T0310,U026,10,2024,6394
T0311,U026,11,2024,6394
T0312,U026,12,2024,6394
T0313,U027,1,2024,13187
T0314,U027,2,2024,13187
T0315,U027,3,2024,13187
T0316,U027,4,2024,13187
T0317,U027,5,2024,13187
T0318,U027,6,2024,13187
T0319,U027,7,2024,13187
T0320,U027,8,2024,13187
T0321,U027,9,2024,13187
T0322,U027,10,2024,13187
T0323,U027,11,2024,13187
T0324,U027,12,2024,13187
T0325,U028,1,2024,9051
T0326,U028,2,2024,9051
T0327,U028,3,2024,9051
T0328,U028,4,2024,9051
T0329,U028,5,2024,9051
T0330,U028,6,2024,9051
T0331,U028,7,2024,9051
T0332,U028,8,2024,9051
T0333,U028,9,2024,9051
T0334,U028,10,2024,9051
T0335,U028,11,2024,9051
T0336,U028,12,2024,9051
T0337,U029,1,2024,4327
T0338,U029,2,2024,4327
T0339,U029,3,2024,4327
T0340,U029,4,2024,4327
T0341,U029,5,2024,4327
T0342,U029,6,2024,4327
T0343,U029,7,2024,4327
T0344,U029,8,2024,4327
T0345,U029,9,2024,4327
T0346,U029,10,2024,4327
T0347,U029,11,2024,4327
T0348,U029,12,2024,4327
T0349,U030,1,2024,4294
T0350,U030,2,2024,4294
T0351,U030,3,2024,4294
T0352,U030,4,2024,4294
T0353,U030,5,2024,4294
T0354,U030,6,2024,4294
T0355,U030,7,2024,4294
T0356,U030,8,2024,4294
T0357,U030,9,2024,4294
T0358,U030,10,2024,4294
T0359,U030,11,2024,4294
T0360,U030,12,2024,4294
T0361,U031,1,2024,12715
T0362,U031,2,2024,12715
T0363,U031,3,2024,12715
T0364,U031,4,2024,12715
T0365,U031,5,2024,12715
T0366,U031,6,2024,12715
T0367,U031,7,2024,12715
T0368,U031,8,2024,12715
T0369,U031,9,2024,12715
T0370,U031,10,2024,12715
T0371,U031,11,2024,12715
T0372,U031,12,2024,12715
T0373,U032,1,2024,9283
T0374,U032,2,2024,9283
T0375,U032,3,2024,9283
T0376,U032,4,2024,9283
T0377,U032,5,2024,9283
T0378,U032,6,2024,9283
T0379,U032,7,2024,9283
T0380,U032,8,2024,9283
T0381,U032,9,2024,9283
T0382,U032,10,2024,9283
T0383,U032,11,2024,9283
T0384,U032,12,2024,9283
T0385,U033,1,2024,4466
T0386,U033,2,2024,4466
T0387,U033,3,2024,4466
T0388,U033,4,2024,4466
T0389,U033,5,2024,4466
T0390,U033,6,2024,4466
T0391,U033,7,2024,4466
T0392,U033,8,2024,4466
T0393,U033,9,2024,4466
T0394,U033,10,2024,4466
T0395,U033,11,2024,4466
T0396,U033,12,2024,4466
T0397,U034,1,2024,4206
T0398,U034,2,2024,4206
T0399,U034,3,2024,4206
T0400,U034,4,2024,4206
T0401,U034,5,2024,4206
T0402,U034,6,2024,4206
T0403,U034,7,2024,4206
T0404,U034,8,2024,4206
T0405,U034,9,2024,4206
T0406,U034,10,2024,4206
T0407,U034,11,2024,4206
T0408,U034,12,2024,4206
T0409,U035,1,2024,4536
T0410,U035,2,2024,4536
T0411,U035,3,2024,4536
T0412,U035,4,2024,4536
T0413,U035,5,2024,4536
T0414,U035,6,2024,4536
T0415,U035,7,2024,4536
T0416,U035,8,2024,4536
T0417,U035,9,2024,4536
T0418,U035,10,2024,4536
T0419,U035,11,2024,4536
T0420,U035,12,2024,4536
T0421,U036,1,2024,6386
T0422,U036,2,2024,6386
T0423,U036,3,2024,6386
T0424,U036,4,2024,6386
T0425,U036,5,2024,6386
T0426,U036,6,2024,6386
T0427,U036,7,2024,6386
T0428,U036,8,2024,6386
T0429,U036,9,2024,6386
T0430,U036,10,2024,6386
T0431,U036,11,2024,6386
T0432,U036,12,2024,6386
T0433,U037,1,2024,6675
T0434,U037,2,2024,6675
T0435,U037,3,2024,6675
T0436,U037,4,2024,6675
T0437,U037,5,2024,6675
T0438,U037,6,2024,6675
T0439,U037,7,2024,6675
T0440,U037,8,2024,6675
T0441,U037,9,2024,6675
T0442,U037,10,2024,6675
T0443,U037,11,2024,6675
T0444,U037,12,2024,6675
T0445,U038,1,2024,6459
T0446,U038,2,2024,6459
T0447,U038,3,2024,6459
T0448,U038,4,2024,6459
T0449,U038,5,2024,6459
T0450,U038,6,2024,6459
T0451,U038,7,2024,6459
T0452,U038,8,2024,6459
T0453,U038,9,2024,6459
T0454,U038,10,2024,6459
T0455,U038,11,2024,6459
T0456,U038,12,2024,6459
T0457,U039,1,2024,4418
T0458,U039,2,2024,4418
T0459,U039,3,2024,4418
T0460,U039,4,2024,4418
T0461,U039,5,2024,4418
T0462,U039,6,2024,4418
T0463,U039,7,2024,4418
T0464,U039,8,2024,4418
T0465,U039,9,2024,4418
T0466,U039,10,2024,4418
T0467,U039,11,2024,4418
T0468,U039,12,2024,4418
T0469,U040,1,2024,4582
T0470,U040,2,2024,4582
T0471,U040,3,2024,4582
T0472,U040,4,2024,4582
T0473,U040,5,2024,4582
T0474,U040,6,2024,4582
T0475,U040,7,2024,4582
T0476,U040,8,2024,4582
T0477,U040,9,2024,4582
T0478,U040,10,2024,4582
T0479,U040,11,2024,4582
T0480,U040,12,2024,4582
T0481,U041,1,2024,12926
T0482,U041,2,2024,12926
T0483,U041,3,2024,12926
T0484,U041,4,2024,12926
T0485,U041,5,2024,12926
T0486,U041,6,2024,12926
T0487,U041,7,2024,12926
T0488,U041,8,2024,12926
T0489,U041,9,2024,12926
T0490,U041,10,2024,12926
T0491,U041,11,2024,12926
T0492,U041,12,2024,12926
T0493,U042,1,2024,12848
T0494,U042,2,2024,12848
T0495,U042,3,2024,12848
T0496,U042,4,2024,12848
T0497,U042,5,2024,12848
T0498,U042,6,2024,12848
T0499,U042,7,2024,12848
T0500,U042,8,2024,12848
T0501,U042,9,2024,12848
T0502,U042,10,2024,12848
T0503,U042,11,2024,12848
T0504,U042,12,2024,12848
T0505,U043,1,2024,12938
T0506,U043,2,2024,12938
T0507,U043,3,2024,12938
T0508,U043,4,2024,12938
T0509,U043,5,2024,12938
T0510,U043,6,2024,12938
T0511,U043,7,2024,12938
T0512,U043,8,2024,12938
T0513,U043,9,2024,12938
T0514,U043,10,2024,12938
T0515,U043,11,2024,12938
T0516,U043,12,2024,12938
T0517,U044,1,2024,13147
T0518,U044,2,2024,13147
T0519,U044,3,2024,13147
T0520,U044,4,2024,13147
T0521,U044,5,2024,13147
T0522,U044,6,2024,13147
T0523,U044,7,2024,13147
T0524,U044,8,2024,13147
T0525,U044,9,2024,13147
T0526,U044,10,2024,13147
T0527,U044,11,2024,13147
T0528,U044,12,2024,13147
T0529,U045,1,2024,13018
T0530,U045,2,2024,13018
T0531,U045,3,2024,13018
T0532,U045,4,2024,13018
T0533,U045,5,2024,13018
T0534,U045,6,2024,13018
T0535,U045,7,2024,13018
T0536,U045,8,2024,13018
T0537,U045,9,2024,13018
T0538,U045,10,2024,13018
T0539,U045,11,2024,13018
T0540,U045,12,2024,13018
T0541,U046,1,2024,6636
T0542,U046,2,2024,6636
T0543,U046,3,2024,6636
T0544,U046,4,2024,6636
T0545,U046,5,2024,6636
T0546,U046,6,2024,6636
T0547,U046,7,2024,6636
T0548,U046,8,2024,6636
T0549,U046,9,2024,6636
T0550,U046,10,2024,6636
T0551,U046,11,2024,6636
T0552,U046,12,2024,6636
T0553,U047,1,2024,9189
T0554,U047,2,2024,9189
T0555,U047,3,2024,9189
T0556,U047,4,2024,9189
T0557,U047,5,2024,9189
T0558,U047,6,2024,9189
T0559,U047,7,2024,9189
T0560,U047,8,2024,9189
T0561,U047,9,2024,9189
T0562,U047,10,2024,9189
T0563,U047,11,2024,9189
T0564,U047,12,2024,9189
T0565,U048,1,2024,8902
T0566,U048,2,2024,8902
T0567,U048,3,2024,8902
T0568,U048,4,2024,8902
T0569,U048,5,2024,8902
T0570,U048,6,2024,8902
T0571,U048,7,2024,8902
T0572,U048,8,2024,8902
T0573,U048,9,2024,8902
T0574,U048,10,2024,8902
T0575,U048,11,2024,8902
T0576,U048,12,2024,8902
T0577,U049,1,2024,6687
T0578,U049,2,2024,6687
T0579,U049,3,2024,6687
T0580,U049,4,2024,6687
T0581,U049,5,2024,6687
T0582,U049,6,2024,6687
T0583,U049,7,2024,6687
T0584,U049,8,2024,6687
T0585,U049,9,2024,6687
T0586,U049,10,2024,6687
T0587,U049,11,2024,6687
T0588,U049,12,2024,6687
T0589,U050,1,2024,12899
T0590,U050,2,2024,12899
T0591,U050,3,2024,12899
T0592,U050,4,2024,12899
T0593,U050,5,2024,12899
T0594,U050,6,2024,12899
T0595,U050,7,2024,12899
T0596,U050,8,2024,12899
T0597,U050,9,2024,12899
T0598,U050,10,2024,12899
T0599,U050,11,2024,12899
T0600,U050,12,2024,12899
T0601,U051,1,2024,8822
T0602,U051,2,2024,8822
T0603,U051,3,2024,8822
T0604,U051,4,2024,8822
T0605,U051,5,2024,8822
T0606,U051,6,2024,8822
T0607,U051,7,2024,8822
T0608,U051,8,2024,8822
T0609,U051,9,2024,8822
T0610,U051,10,2024,8822
T0611,U051,11,2024,8822
T0612,U051,12,2024,8822
T0613,U052,1,2024,12850
T0614,U052,2,2024,12850
T0615,U052,3,2024,12850
T0616,U052,4,2024,12850
T0617,U052,5,2024,12850
T0618,U052,6,2024,12850
T0619,U052,7,2024,12850
T0620,U052,8,2024,12850
T0621,U052,9,2024,12850
T0622,U052,10,2024,12850
T0623,U052,11,2024,12850
T0624,U052,12,2024,12850
T0625,U053,1,2024,6374
T0626,U053,2,2024,6374
T0627,U053,3,2024,6374
T0628,U053,4,2024,6374
T0629,U053,5,2024,6374
T0630,U053,6,2024,6374
T0631,U053,7,2024,6374
T0632,U053,8,2024,6374
T0633,U053,9,2024,6374
T0634,U053,10,2024,6374
T0635,U053,11,2024,6374
T0636,U053,12,2024,6374
T0637,U054,1,2024,9120
T0638,U054,2,2024,9120
T0639,U054,3,2024,9120
T0640,U054,4,2024,9120
T0641,U054,5,2024,9120
T0642,U054,6,2024,9120
T0643,U054,7,2024,9120
T0644,U054,8,2024,9120
T0645,U054,9,2024,9120
T0646,U054,10,2024,9120
T0647,U054,11,2024,9120
T0648,U054,12,2024,9120
T0649,U055,1,2024,6337
T0650,U055,2,2024,6337
T0651,U055,3,2024,6337
T0652,U055,4,2024,6337
T0653,U055,5,2024,6337
T0654,U055,6,2024,6337
T0655,U055,7,2024,6337
T0656,U055,8,2024,6337
T0657,U055,9,2024,6337
T0658,U055,10,2024,6337
T0659,U055,11,2024,6337
T0660,U055,12,2024,6337
T0661,U056,1,2024,24860
T0662,U056,2,2024,24860
T0663,U056,3,2024,24860
T0664,U056,4,2024,24860
T0665,U056,5,2024,24860
T0666,U056,6,2024,24860
T0667,U056,7,2024,24860
T0668,U056,8,2024,24860
T0669,U056,9,2024,24860
T0670,U056,10,2024,24860
T0671,U056,11,2024,24860
T0672,U056,12,2024,24860
T0673,U057,1,2024,6348
T0674,U057,2,2024,6348
T0675,U057,3,2024,6348
T0676,U057,4,2024,6348
T0677,U057,5,2024,6348
T0678,U057,6,2024,6348
T0679,U057,7,2024,6348
T0680,U057,8,2024,6348
T0681,U057,9,2024,6348
T0682,U057,10,2024,6348
T0683,U057,11,2024,6348
T0684,U057,12,2024,6348
T0685,U058,1,2024,13078
T0686,U058,2,2024,13078
T0687,U058,3,2024,13078
T0688,U058,4,2024,13078
T0689,U058,5,2024,13078
T0690,U058,6,2024,13078
T0691,U058,7,2024,13078
T0692,U058,8,2024,13078
T0693,U058,9,2024,13078
T0694,U058,10,2024,13078
T0695,U058,11,2024,13078
T0696,U058,12,2024,13078
T0697,U059,1,2024,6758
T0698,U059,2,2024,6758
T0699,U059,3,2024,6758
T0700,U059,4,2024,6758
T0701,U059,5,2024,6758
T0702,U059,6,2024,6758
T0703,U059,7,2024,6758
T0704,U059,8,2024,6758
T0705,U059,9,2024,6758
T0706,U059,10,2024,6758
T0707,U059,11,2024,6758
T0708,U059,12,2024,6758
T0709,U060,1,2024,6721
T0710,U060,2,2024,6721
T0711,U060,3,2024,6721
T0712,U060,4,2024,6721
T0713,U060,5,2024,6721
T0714,U060,6,2024,6721
T0715,U060,7,2024,6721
T0716,U060,8,2024,6721
T0717,U060,9,2024,6721
T0718,U060,10,2024,6721
T0719,U060,11,2024,6721
T0720,U060,12,2024,6721
T0721,U061,1,2024,6592
T0722,U061,2,2024,6592
T0723,U061,3,2024,6592
T0724,U061,4,2024,6592
T0725,U061,5,2024,6592
T0726,U061,6,2024,6592
T0727,U061,7,2024,6592
T0728,U061,8,2024,6592
T0729,U061,9,2024,6592
T0730,U061,10,2024,6592
T0731,U061,11,2024,6592
T0732,U061,12,2024,6592
T0733,U062,1,2024,8885
T0734,U062,2,2024,8885
T0735,U062,3,2024,8885
T0736,U062,4,2024,8885
T0737,U062,5,2024,8885
T0738,U062,6,2024,8885
T0739,U062,7,2024,8885
T0740,U062,8,2024,8885
T0741,U062,9,2024,8885
T0742,U062,10,2024,8885
T0743,U062,11,2024,8885
T0744,U062,12,2024,8885
T0745,U063,1,2024,8701
T0746,U063,2,2024,8701
T0747,U063,3,2024,8701
T0748,U063,4,2024,8701
T0749,U063,5,2024,8701
T0750,U063,6,2024,8701
T0751,U063,7,2024,8701
T0752,U063,8,2024,8701
T0753,U063,9,2024,8701
T0754,U063,10,2024,8701
T0755,U063,11,2024,8701
T0756,U063,12,2024,8701
T0757,U064,1,2024,6557
T0758,U064,2,2024,6557
T0759,U064,3,2024,6557
T0760,U064,4,2024,6557
T0761,U064,5,2024,6557
T0762,U064,6,2024,6557
T0763,U064,7,2024,6557
T0764,U064,8,2024,6557
T0765,U064,9,2024,6557
T0766,U064,10,2024,6557
T0767,U064,11,2024,6557
T0768,U064,12,2024,6557
T0769,U065,1,2024,6251
T0770,U065,2,2024,6251
T0771,U065,3,2024,6251
T0772,U065,4,2024,6251
T0773,U065,5,2024,6251
T0774,U065,6,2024,6251
T0775,U065,7,2024,6251
T0776,U065,8,2024,6251
T0777,U065,9,2024,6251
T0778,U065,10,2024,6251
T0779,U065,11,2024,6251
T0780,U065,12,2024,6251
T0781,U066,1,2024,9014
T0782,U066,2,2024,9014
T0783,U066,3,2024,9014
T0784,U066,4,2024,9014
T0785,U066,5,2024,9014
T0786,U066,6,2024,9014
T0787,U066,7,2024,9014
T0788,U066,8,2024,9014
T0789,U066,9,2024,9014
T0790,U066,10,2024,9014
T0791,U066,11,2024,9014
T0792,U066,12,2024,9014
T0793,U067,1,2024,9046
T0794,U067,2,2024,9046
T0795,U067,3,2024,9046
T0796,U067,4,2024,9046
T0797,U067,5,2024,9046
T0798,U067,6,2024,9046
T0799,U067,7,2024,9046
T0800,U067,8,2024,9046
T0801,U067,9,2024,9046
T0802,U067,10,2024,9046
T0803,U067,11,2024,9046
T0804,U067,12,2024,9046
T0805,U068,1,2024,25177
T0806,U068,2,2024,25177
T0807,U068,3,2024,25177
T0808,U068,4,2024,25177
T0809,U068,5,2024,25177
T0810,U068,6,2024,25177
T0811,U068,7,2024,25177
T0812,U068,8,2024,25177
T0813,U068,9,2024,25177
T0814,U068,10,2024,25177
T0815,U068,11,2024,25177
T0816,U068,12,2024,25177
T0817,U069,1,2024,9135
T0818,U069,2,2024,9135
T0819,U069,3,2024,9135
T0820,U069,4,2024,9135
T0821,U069,5,2024,9135
T0822,U069,6,2024,9135
T0823,U069,7,2024,9135
T0824,U069,8,2024,9135
T0825,U069,9,2024,9135
T0826,U069,10,2024,9135
T0827,U069,11,2024,9135
T0828,U069,12,2024,9135
T0829,U070,1,2024,9064
T0830,U070,2,2024,9064
T0831,U070,3,2024,9064
T0832,U070,4,2024,9064
T0833,U070,5,2024,9064
T0834,U070,6,2024,9064
T0835,U070,7,2024,9064
T0836,U070,8,2024,9064
T0837,U070,9,2024,9064
T0838,U070,10,2024,9064
T0839,U070,11,2024,9064
T0840,U070,12,2024,9064
T0841,U071,1,2024,6778
T0842,U071,2,2024,6778
T0843,U071,3,2024,6778
T0844,U071,4,2024,6778
T0845,U071,5,2024,6778
T0846,U071,6,2024,6778
T0847,U071,7,2024,6778
T0848,U071,8,2024,6778
T0849,U071,9,2024,6778
T0850,U071,10,2024,6778
T0851,U071,11,2024,6778
T0852,U071,12,2024,6778
T0853,U072,1,2024,14083
T0854,U072,2,2024,14083
T0855,U072,3,2024,14083
T0856,U072,4,2024,14083
T0857,U072,5,2024,14083
T0858,U072,6,2024,14083
T0859,U072,7,2024,14083
T0860,U072,8,2024,14083
T0861,U072,9,2024,14083
T0862,U072,10,2024,14083
T0863,U072,11,2024,14083
T0864,U072,12,2024,14083
T0865,U073,1,2024,6836
T0866,U073,2,2024,6836
T0867,U073,3,2024,6836
T0868,U073,4,2024,6836
T0869,U073,5,2024,6836
T0870,U073,6,2024,6836
T0871,U073,7,2024,6836
T0872,U073,8,2024,6836
T0873,U073,9,2024,6836
T0874,U073,10,2024,6836
T0875,U073,11,2024,6836
T0876,U073,12,2024,6836
T0877,U074,1,2024,6911
T0878,U074,2,2024,6911
T0879,U074,3,2024,6911
T0880,U074,4,2024,6911
T0881,U074,5,2024,6911
T0882,U074,6,2024,6911
T0883,U074,7,2024,6911
T0884,U074,8,2024,6911
T0885,U074,9,2024,6911
T0886,U074,10,2024,6911
T0887,U074,11,2024,6911
T0888,U074,12,2024,6911
T0889,U075,1,2024,6961
T0890,U075,2,2024,6961
T0891,U075,3,2024,6961
T0892,U075,4,2024,6961
T0893,U075,5,2024,6961
T0894,U075,6,2024,6961
T0895,U075,7,2024,6961
T0896,U075,8,2024,6961
T0897,U075,9,2024,6961
T0898,U075,10,2024,6961
T0899,U075,11,2024,6961
T0900,U075,12,2024,6961
T0901,U076,1,2024,14278
T0902,U076,2,2024,14278
T0903,U076,3,2024,14278
T0904,U076,4,2024,14278
T0905,U076,5,2024,14278
T0906,U076,6,2024,14278
T0907,U076,7,2024,14278
T0908,U076,8,2024,14278
T0909,U076,9,2024,14278
T0910,U076,10,2024,14278
T0911,U076,11,2024,14278
T0912,U076,12,2024,14278
T0913,U077,1,2024,14051
T0914,U077,2,2024,14051
T0915,U077,3,2024,14051
T0916,U077,4,2024,14051
T0917,U077,5,2024,14051
T0918,U077,6,2024,14051
T0919,U077,7,2024,14051
T0920,U077,8,2024,14051
T0921,U077,9,2024,14051
T0922,U077,10,2024,14051
T0923,U077,11,2024,14051
T0924,U077,12,2024,14051
T0925,U078,1,2024,14023
T0926,U078,2,2024,14023
T0927,U078,3,2024,14023
T0928,U078,4,2024,14023
T0929,U078,5,2024,14023
T0930,U078,6,2024,14023
T0931,U078,7,2024,14023
T0932,U078,8,2024,14023
T0933,U078,9,2024,14023
T0934,U078,10,2024,14023
T0935,U078,11,2024,14023
T0936,U078,12,2024,14023
T0937,U079,1,2024,7073
T0938,U079,2,2024,7073
T0939,U079,3,2024,7073
T0940,U079,4,2024,7073
T0941,U079,5,2024,7073
T0942,U079,6,2024,7073
T0943,U079,7,2024,7073
T0944,U079,8,2024,7073
T0945,U079,9,2024,7073
T0946,U079,10,2024,7073
T0947,U079,11,2024,7073
T0948,U079,12,2024,7073
T0949,U080,1,2024,14255
T0950,U080,2,2024,14255
T0951,U080,3,2024,14255
T0952,U080,4,2024,14255
T0953,U080,5,2024,14255
T0954,U080,6,2024,14255
T0955,U080,7,2024,14255
T0956,U080,8,2024,14255
T0957,U080,9,2024,14255
T0958,U080,10,2024,14255
T0959,U080,11,2024,14255
T0960,U080,12,2024,14255
T0961,U081,1,2024,13798
T0962,U081,2,2024,13798
T0963,U081,3,2024,13798
T0964,U081,4,2024,13798
T0965,U081,5,2024,13798
T0966,U081,6,2024,13798
T0967,U081,7,2024,13798
T0968,U081,8,2024,13798
T0969,U081,9,2024,13798
T0970,U081,10,2024,13798
T0971,U081,11,2024,13798
T0972,U081,12,2024,13798
T0973,U082,1,2024,7173
T0974,U082,2,2024,7173
T0975,U082,3,2024,7173
T0976,U082,4,2024,7173
T0977,U082,5,2024,7173
T0978,U082,6,2024,7173
T0979,U082,7,2024,7173
T0980,U082,8,2024,7173
T0981,U082,9,2024,7173
T0982,U082,10,2024,7173
T0983,U082,11,2024,7173
T0984,U082,12,2024,7173
T0985,U083,1,2024,6901
T0986,U083,2,2024,6901
T0987,U083,3,2024,6901
T0988,U083,4,2024,6901
T0989,U083,5,2024,6901
T0990,U083,6,2024,6901
T0991,U083,7,2024,6901
T0992,U083,8,2024,6901
T0993,U083,9,2024,6901
T0994,U083,10,2024,6901
T0995,U083,11,2024,6901
T0996,U083,12,2024,6901
T0997,U084,1,2024,7263
T0998,U084,2,2024,7263
T0999,U084,3,2024,7263
T1000,U084,4,2024,7263
T1001,U084,5,2024,7263
T1002,U084,6,2024,7263
T1003,U084,7,2024,7263
T1004,U084,8,2024,7263
T1005,U084,9,2024,7263
T1006,U084,10,2024,7263
T1007,U084,11,2024,7263
T1008,U084,12,2024,7263
T1009,U085,1,2024,6708
T1010,U085,2,2024,6708
T1011,U085,3,2024,6708
T1012,U085,4,2024,6708
T1013,U085,5,2024,6708
T1014,U085,6,2024,6708
T1015,U085,7,2024,6708
T1016,U085,8,2024,6708
T1017,U085,9,2024,6708
T1018,U085,10,2024,6708
T1019,U085,11,2024,6708
T1020,U085,12,2024,6708
T1021,U086,1,2024,6859
T1022,U086,2,2024,6859
T1023,U086,3,2024,6859
T1024,U086,4,2024,6859
T1025,U086,5,2024,6859
T1026,U086,6,2024,6859
T1027,U086,7,2024,6859
T1028,U086,8,2024,6859
T1029,U086,9,2024,6859
T1030,U086,10,2024,6859
T1031,U086,11,2024,6859
T1032,U086,12,2024,6859
T1033,U087,1,2024,14034
T1034,U087,2,2024,14034
T1035,U087,3,2024,14034
T1036,U087,4,2024,14034
T1037,U087,5,2024,14034
T1038,U087,6,2024,14034
T1039,U087,7,2024,14034
T1040,U087,8,2024,14034
T1041,U087,9,2024,14034
T1042,U087,10,2024,14034
T1043,U087,11,2024,14034
T1044,U087,12,2024,14034
T1045,U088,1,2024,7207
T1046,U088,2,2024,7207
T1047,U088,3,2024,7207
T1048,U088,4,2024,7207
T1049,U088,5,2024,7207
T1050,U088,6,2024,7207
T1051,U088,7,2024,7207
T1052,U088,8,2024,7207
T1053,U088,9,2024,7207
T1054,U088,10,2024,7207
T1055,U088,11,2024,7207
T1056,U088,12,2024,7207
T1057,U089,1,2024,6904
T1058,U089,2,2024,6904
T1059,U089,3,2024,6904
T1060,U089,4,2024,6904
T1061,U089,5,2024,6904
T1062,U089,6,2024,6904
T1063,U089,7,2024,6904
T1064,U089,8,2024,6904
T1065,U089,9,2024,6904
T1066,U089,10,2024,6904
T1067,U089,11,2024,6904
T1068,U089,12,2024,6904
T1069,U090,1,2024,14096
T1070,U090,2,2024,14096
T1071,U090,3,2024,14096
T1072,U090,4,2024,14096
T1073,U090,5,2024,14096
T1074,U090,6,2024,14096
T1075,U090,7,2024,14096
T1076,U090,8,2024,14096
T1077,U090,9,2024,14096
T1078,U090,10,2024,14096
T1079,U090,11,2024,14096
T1080,U090,12,2024,14096
T1081,U091,1,2024,6289
T1082,U091,2,2024,6289
T1083,U091,3,2024,6289
T1084,U091,4,2024,6289
T1085,U091,5,2024,6289
T1086,U091,6,2024,6289
T1087,U091,7,2024,6289
T1088,U091,8,2024,6289
T1089,U091,9,2024,6289
T1090,U091,10,2024,6289
T1091,U091,11,2024,6289
T1092,U091,12,2024,6289
T1093,U092,1,2024,9906
T1094,U092,2,2024,9906
T1095,U092,3,2024,9906
T1096,U092,4,2024,9906
T1097,U092,5,2024,9906
T1098,U092,6,2024,9906
T1099,U092,7,2024,9906
T1100,U092,8,2024,9906
T1101,U092,9,2024,9906
T1102,U092,10,2024,9906
T1103,U092,11,2024,9906
T1104,U092,12,2024,9906
T1105,U093,1,2024,6837
T1106,U093,2,2024,6837
T1107,U093,3,2024,6837
T1108,U093,4,2024,6837
T1109,U093,5,2024,6837
T1110,U093,6,2024,6837
T1111,U093,7,2024,6837
T1112,U093,8,2024,6837
T1113,U093,9,2024,6837
T1114,U093,10,2024,6837
T1115,U093,11,2024,6837
T1116,U093,12,2024,6837
T1117,U094,1,2024,6745
T1118,U094,2,2024,6745
T1119,U094,3,2024,6745
T1120,U094,4,2024,6745
T1121,U094,5,2024,6745
T1122,U094,6,2024,6745
T1123,U094,7,2024,6745
T1124,U094,8,2024,6745
T1125,U094,9,2024,6745
T1126,U094,10,2024,6745
T1127,U094,11,2024,6745
T1128,U094,12,2024,6745
T1129,U095,1,2024,6305
T1130,U095,2,2024,6305
T1131,U095,3,2024,6305
T1132,U095,4,2024,6305
T1133,U095,5,2024,6305
T1134,U095,6,2024,6305
T1135,U095,7,2024,6305
T1136,U095,8,2024,6305
T1137,U095,9,2024,6305
T1138,U095,10,2024,6305
T1139,U095,11,2024,6305
T1140,U095,12,2024,6305
T1141,U096,1,2024,6751
T1142,U096,2,2024,6751
T1143,U096,3,2024,6751
T1144,U096,4,2024,6751
T1145,U096,5,2024,6751
T1146,U096,6,2024,6751
T1147,U096,7,2024,6751
T1148,U096,8,2024,6751
T1149,U096,9,2024,6751
T1150,U096,10,2024,6751
T1151,U096,11,2024,6751
T1152,U096,12,2024,6751
T1153,U097,1,2024,6211
T1154,U097,2,2024,6211
T1155,U097,3,2024,6211
T1156,U097,4,2024,6211
T1157,U097,5,2024,6211
T1158,U097,6,2024,6211
T1159,U097,7,2024,6211
T1160,U097,8,2024,6211
T1161,U097,9,2024,6211
T1162,U097,10,2024,6211
T1163,U097,11,2024,6211
T1164,U097,12,2024,6211
T1165,U098,1,2024,10004
T1166,U098,2,2024,10004
T1167,U098,3,2024,10004
T1168,U098,4,2024,10004
T1169,U098,5,2024,10004
T1170,U098,6,2024,10004
T1171,U098,7,2024,10004
T1172,U098,8,2024,10004
T1173,U098,9,2024,10004
T1174,U098,10,2024,10004
T1175,U098,11,2024,10004
T1176,U098,12,2024,10004
T1177,U099,1,2024,6363
T1178,U099,2,2024,6363
T1179,U099,3,2024,6363
T1180,U099,4,2024,6363
T1181,U099,5,2024,6363
T1182,U099,6,2024,6363
T1183,U099,7,2024,6363
T1184,U099,8,2024,6363
T1185,U099,9,2024,6363
T1186,U099,10,2024,6363
T1187,U099,11,2024,6363
T1188,U099,12,2024,6363
T1189,U100,1,2024,6627
T1190,U100,2,2024,6627
T1191,U100,3,2024,6627
T1192,U100,4,2024,6627
T1193,U100,5,2024,6627
T1194,U100,6,2024,6627
T1195,U100,7,2024,6627
T1196,U100,8,2024,6627
T1197,U100,9,2024,6627
T1198,U100,10,2024,6627
T1199,U100,11,2024,6627
T1200,U100,12,2024,6627
T1201,U101,1,2024,6683
T1202,U101,2,2024,6683
T1203,U101,3,2024,6683
T1204,U101,4,2024,6683
T1205,U101,5,2024,6683
T1206,U101,6,2024,6683
T1207,U101,7,2024,6683
T1208,U101,8,2024,6683
T1209,U101,9,2024,6683
T1210,U101,10,2024,6683
T1211,U101,11,2024,6683
T1212,U101,12,2024,6683
T1213,U102,1,2024,7231
T1214,U102,2,2024,7231
T1215,U102,3,2024,7231
T1216,U102,4,2024,7231
T1217,U102,5,2024,7231
T1218,U102,6,2024,7231
T1219,U102,7,2024,7231
T1220,U102,8,2024,7231
T1221,U102,9,2024,7231
T1222,U102,10,2024,7231
T1223,U102,11,2024,7231
T1224,U102,12,2024,7231
T1225,U103,1,2024,7208
T1226,U103,2,2024,7208
T1227,U103,3,2024,7208
T1228,U103,4,2024,7208
T1229,U103,5,2024,7208
T1230,U103,6,2024,7208
T1231,U103,7,2024,7208
T1232,U103,8,2024,7208
T1233,U103,9,2024,7208
T1234,U103,10,2024,7208
T1235,U103,11,2024,7208
T1236,U103,12,2024,7208
T1237,U104,1,2024,6526
T1238,U104,2,2024,6526
T1239,U104,3,2024,6526
T1240,U104,4,2024,6526
T1241,U104,5,2024,6526
T1242,U104,6,2024,6526
T1243,U104,7,2024,6526
T1244,U104,8,2024,6526
T1245,U104,9,2024,6526
T1246,U104,10,2024,6526
T1247,U104,11,2024,6526
T1248,U104,12,2024,6526
T1249,U105,1,2024,6361
T1250,U105,2,2024,6361
T1251,U105,3,2024,6361
T1252,U105,4,2024,6361
T1253,U105,5,2024,6361
T1254,U105,6,2024,6361
T1255,U105,7,2024,6361
T1256,U105,8,2024,6361
T1257,U105,9,2024,6361
T1258,U105,10,2024,6361
T1259,U105,11,2024,6361
T1260,U105,12,2024,6361
T1261,U106,1,2024,4526
T1262,U106,2,2024,4526
T1263,U106,3,2024,4526
T1264,U106,4,2024,4526
T1265,U106,5,2024,4526
T1266,U106,6,2024,4526
T1267,U106,7,2024,4526
T1268,U106,8,2024,4526
T1269,U106,9,2024,4526
T1270,U106,10,2024,4526
T1271,U106,11,2024,4526
T1272,U106,12,2024,4526
T1273,U107,1,2024,6700
T1274,U107,2,2024,6700
T1275,U107,3,2024,6700
T1276,U107,4,2024,6700
T1277,U107,5,2024,6700
T1278,U107,6,2024,6700
T1279,U107,7,2024,6700
T1280,U107,8,2024,6700
T1281,U107,9,2024,6700
T1282,U107,10,2024,6700
T1283,U107,11,2024,6700
T1284,U107,12,2024,6700
T1285,U108,1,2024,10148
T1286,U108,2,2024,10148
T1287,U108,3,2024,10148
T1288,U108,4,2024,10148
T1289,U108,5,2024,10148
T1290,U108,6,2024,10148
T1291,U108,7,2024,10148
T1292,U108,8,2024,10148
T1293,U108,9,2024,10148
T1294,U108,10,2024,10148
T1295,U108,11,2024,10148
T1296,U108,12,2024,10148
T1297,U109,1,2024,6290
T1298,U109,2,2024,6290
T1299,U109,3,2024,6290
T1300,U109,4,2024,6290
T1301,U109,5,2024,6290
T1302,U109,6,2024,6290
T1303,U109,7,2024,6290
T1304,U109,8,2024,6290
T1305,U109,9,2024,6290
T1306,U109,10,2024,6290
T1307,U109,11,2024,6290
T1308,U109,12,2024,6290
T1309,U110,1,2024,4252
T1310,U110,2,2024,4252
T1311,U110,3,2024,4252
T1312,U110,4,2024,4252
T1313,U110,5,2024,4252
T1314,U110,6,2024,4252
T1315,U110,7,2024,4252
T1316,U110,8,2024,4252
T1317,U110,9,2024,4252
T1318,U110,10,2024,4252
T1319,U110,11,2024,4252
T1320,U110,12,2024,4252
T1321,U111,1,2024,4354
T1322,U111,2,2024,4354
T1323,U111,3,2024,4354
T1324,U111,4,2024,4354
T1325,U111,5,2024,4354
T1326,U111,6,2024,4354
T1327,U111,7,2024,4354
T1328,U111,8,2024,4354
T1329,U111,9,2024,4354
T1330,U111,10,2024,4354
T1331,U111,11,2024,4354
T1332,U111,12,2024,4354
T1333,U112,1,2024,4722
T1334,U112,2,2024,4722
T1335,U112,3,2024,4722
T1336,U112,4,2024,4722
T1337,U112,5,2024,4722
T1338,U112,6,2024,4722
T1339,U112,7,2024,4722
T1340,U112,8,2024,4722
T1341,U112,9,2024,4722
T1342,U112,10,2024,4722
T1343,U112,11,2024,4722
T1344,U112,12,2024,4722
T1345,U113,1,2024,4275
T1346,U113,2,2024,4275
T1347,U113,3,2024,4275
T1348,U113,4,2024,4275
T1349,U113,5,2024,4275
T1350,U113,6,2024,4275
T1351,U113,7,2024,4275
T1352,U113,8,2024,4275
T1353,U113,9,2024,4275
T1354,U113,10,2024,4275
T1355,U113,11,2024,4275
T1356,U113,12,2024,4275
T1357,U114,1,2024,10259
T1358,U114,2,2024,10259
T1359,U114,3,2024,10259
T1360,U114,4,2024,10259
T1361,U114,5,2024,10259
T1362,U114,6,2024,10259
T1363,U114,7,2024,10259
T1364,U114,8,2024,10259
T1365,U114,9,2024,10259
T1366,U114,10,2024,10259
T1367,U114,11,2024,10259
T1368,U114,12,2024,10259
T1369,U115,1,2024,7239
T1370,U115,2,2024,7239
T1371,U115,3,2024,7239
T1372,U115,4,2024,7239
T1373,U115,5,2024,7239
T1374,U115,6,2024,7239
T1375,U115,7,2024,7239
T1376,U115,8,2024,7239
T1377,U115,9,2024,7239
T1378,U115,10,2024,7239
T1379,U115,11,2024,7239
T1380,U115,12,2024,7239
T1381,U116,1,2024,4788
T1382,U116,2,2024,4788
T1383,U116,3,2024,4788
T1384,U116,4,2024,4788
T1385,U116,5,2024,4788
T1386,U116,6,2024,4788
T1387,U116,7,2024,4788
T1388,U116,8,2024,4788
T1389,U116,9,2024,4788
T1390,U116,10,2024,4788
T1391,U116,11,2024,4788
T1392,U116,12,2024,4788
T1393,U117,1,2024,4423
T1394,U117,2,2024,4423
T1395,U117,3,2024,4423
T1396,U117,4,2024,4423
T1397,U117,5,2024,4423
T1398,U117,6,2024,4423
T1399,U117,7,2024,4423
T1400,U117,8,2024,4423
T1401,U117,9,2024,4423
T1402,U117,10,2024,4423
T1403,U117,11,2024,4423
T1404,U117,12,2024,4423
T1405,U118,1,2024,6535
T1406,U118,2,2024,6535
T1407,U118,3,2024,6535
T1408,U118,4,2024,6535
T1409,U118,5,2024,6535
T1410,U118,6,2024,6535
T1411,U118,7,2024,6535
T1412,U118,8,2024,6535
T1413,U118,9,2024,6535
T1414,U118,10,2024,6535
T1415,U118,11,2024,6535
T1416,U118,12,2024,6535
T1417,U119,1,2024,9944
T1418,U119,2,2024,9944
T1419,U119,3,2024,9944
T1420,U119,4,2024,9944
T1421,U119,5,2024,9944
T1422,U119,6,2024,9944
T1423,U119,7,2024,9944
T1424,U119,8,2024,9944
T1425,U119,9,2024,9944
T1426,U119,10,2024,9944
T1427,U119,11,2024,9944
T1428,U119,12,2024,9944
T1429,U120,1,2024,6966
T1430,U120,2,2024,6966
T1431,U120,3,2024,6966
T1432,U120,4,2024,6966
T1433,U120,5,2024,6966
T1434,U120,6,2024,6966
T1435,U120,7,2024,6966
T1436,U120,8,2024,6966
T1437,U120,9,2024,6966
T1438,U120,10,2024,6966
T1439,U120,11,2024,6966
T1440,U120,12,2024,6966
T1441,U121,1,2024,7079
T1442,U121,2,2024,7079
T1443,U121,3,2024,7079
T1444,U121,4,2024,7079
T1445,U121,5,2024,7079
T1446,U121,6,2024,7079
T1447,U121,7,2024,7079
T1448,U121,8,2024,7079
T1449,U121,9,2024,7079
T1450,U121,10,2024,7079
T1451,U121,11,2024,7079
T1452,U121,12,2024,7079
T1453,U122,1,2024,7275
T1454,U122,2,2024,7275
T1455,U122,3,2024,7275
T1456,U122,4,2024,7275
T1457,U122,5,2024,7275
T1458,U122,6,2024,7275
T1459,U122,7,2024,7275
T1460,U122,8,2024,7275
T1461,U122,9,2024,7275
T1462,U122,10,2024,7275
T1463,U122,11,2024,7275
T1464,U122,12,2024,7275
T1465,U123,1,2024,4417
T1466,U123,2,2024,4417
T1467,U123,3,2024,4417
T1468,U123,4,2024,4417
T1469,U123,5,2024,4417
T1470,U123,6,2024,4417
T1471,U123,7,2024,4417
T1472,U123,8,2024,4417
T1473,U123,9,2024,4417
T1474,U123,10,2024,4417
T1475,U123,11,2024,4417
T1476,U123,12,2024,4417
T1477,U124,1,2024,6682
T1478,U124,2,2024,6682
T1479,U124,3,2024,6682
T1480,U124,4,2024,6682
T1481,U124,5,2024,6682
T1482,U124,6,2024,6682
T1483,U124,7,2024,6682
T1484,U124,8,2024,6682
T1485,U124,9,2024,6682
T1486,U124,10,2024,6682
T1487,U124,11,2024,6682
T1488,U124,12,2024,6682
T1489,U125,1,2024,6884
T1490,U125,2,2024,6884
T1491,U125,3,2024,6884
T1492,U125,4,2024,6884
T1493,U125,5,2024,6884
T1494,U125,6,2024,6884
T1495,U125,7,2024,6884
T1496,U125,8,2024,6884
T1497,U125,9,2024,6884
T1498,U125,10,2024,6884
T1499,U125,11,2024,6884
T1500,U125,12,2024,6884
T1501,U126,1,2024,13816
T1502,U126,2,2024,13816
T1503,U126,3,2024,13816
T1504,U126,4,2024,13816
T1505,U126,5,2024,13816
T1506,U126,6,2024,13816
T1507,U126,7,2024,13816
T1508,U126,8,2024,13816
T1509,U126,9,2024,13816
T1510,U126,10,2024,13816
T1511,U126,11,2024,13816
T1512,U126,12,2024,13816
T1513,U127,1,2024,7968
T1514,U127,2,2024,7968
T1515,U127,3,2024,7968
T1516,U127,4,2024,7968
T1517,U127,5,2024,7968
T1518,U127,6,2024,7968
T1519,U127,7,2024,7968
T1520,U127,8,2024,7968
T1521,U127,9,2024,7968
T1522,U127,10,2024,7968
T1523,U127,11,2024,7968
T1524,U127,12,2024,7968
T1525,U128,1,2024,13714
T1526,U128,2,2024,13714
T1527,U128,3,2024,13714
T1528,U128,4,2024,13714
T1529,U128,5,2024,13714
T1530,U128,6,2024,13714
T1531,U128,7,2024,13714
T1532,U128,8,2024,13714
T1533,U128,9,2024,13714
T1534,U128,10,2024,13714
T1535,U128,11,2024,13714
T1536,U128,12,2024,13714
T1537,U129,1,2024,7027
T1538,U129,2,2024,7027
T1539,U129,3,2024,7027
T1540,U129,4,2024,7027
T1541,U129,5,2024,7027
T1542,U129,6,2024,7027
T1543,U129,7,2024,7027
T1544,U129,8,2024,7027
T1545,U129,9,2024,7027
T1546,U129,10,2024,7027
T1547,U129,11,2024,7027
T1548,U129,12,2024,7027
T1549,U130,1,2024,14163
T1550,U130,2,2024,14163
T1551,U130,3,2024,14163
T1552,U130,4,2024,14163
T1553,U130,5,2024,14163
T1554,U130,6,2024,14163
T1555,U130,7,2024,14163
T1556,U130,8,2024,14163
T1557,U130,9,2024,14163
T1558,U130,10,2024,14163
T1559,U130,11,2024,14163
T1560,U130,12,2024,14163
T1561,U131,1,2024,7058
T1562,U131,2,2024,7058
T1563,U131,3,2024,7058
T1564,U131,4,2024,7058
T1565,U131,5,2024,7058
T1566,U131,6,2024,7058
T1567,U131,7,2024,7058
T1568,U131,8,2024,7058
T1569,U131,9,2024,7058
T1570,U131,10,2024,7058
T1571,U131,11,2024,7058
T1572,U131,12,2024,7058
T1573,U132,1,2024,8029
T1574,U132,2,2024,8029
T1575,U132,3,2024,8029
T1576,U132,4,2024,8029
T1577,U132,5,2024,8029
T1578,U132,6,2024,8029
T1579,U132,7,2024,8029
T1580,U132,8,2024,8029
T1581,U132,9,2024,8029
T1582,U132,10,2024,8029
T1583,U132,11,2024,8029
T1584,U132,12,2024,8029
T1585,U133,1,2024,13800
T1586,U133,2,2024,13800
T1587,U133,3,2024,13800
T1588,U133,4,2024,13800
T1589,U133,5,2024,13800
T1590,U133,6,2024,13800
T1591,U133,7,2024,13800
T1592,U133,8,2024,13800
T1593,U133,9,2024,13800
T1594,U133,10,2024,13800
T1595,U133,11,2024,13800
T1596,U133,12,2024,13800
T1597,U134,1,2024,14103
T1598,U134,2,2024,14103
T1599,U134,3,2024,14103
T1600,U134,4,2024,14103
T1601,U134,5,2024,14103
T1602,U134,6,2024,14103
T1603,U134,7,2024,14103
T1604,U134,8,2024,14103
T1605,U134,9,2024,14103
T1606,U134,10,2024,14103
T1607,U134,11,2024,14103
T1608,U134,12,2024,14103
T1609,U135,1,2024,6784
T1610,U135,2,2024,6784
T1611,U135,3,2024,6784
T1612,U135,4,2024,6784
T1613,U135,5,2024,6784
T1614,U135,6,2024,6784
T1615,U135,7,2024,6784
T1616,U135,8,2024,6784
T1617,U135,9,2024,6784
T1618,U135,10,2024,6784
T1619,U135,11,2024,6784
T1620,U135,12,2024,6784
T1621,U136,1,2024,14046
T1622,U136,2,2024,14046
T1623,U136,3,2024,14046
T1624,U136,4,2024,14046
T1625,U136,5,2024,14046
T1626,U136,6,2024,14046
T1627,U136,7,2024,14046
T1628,U136,8,2024,14046
T1629,U136,9,2024,14046
T1630,U136,10,2024,14046
T1631,U136,11,2024,14046
T1632,U136,12,2024,14046
T1633,U137,1,2024,6785
T1634,U137,2,2024,6785
T1635,U137,3,2024,6785
T1636,U137,4,2024,6785
T1637,U137,5,2024,6785
T1638,U137,6,2024,6785
T1639,U137,7,2024,6785
T1640,U137,8,2024,6785
T1641,U137,9,2024,6785
T1642,U137,10,2024,6785
T1643,U137,11,2024,6785
T1644,U137,12,2024,6785
T1645,U138,1,2024,6774
T1646,U138,2,2024,6774
T1647,U138,3,2024,6774
T1648,U138,4,2024,6774
T1649,U138,5,2024,6774
T1650,U138,6,2024,6774
T1651,U138,7,2024,6774
T1652,U138,8,2024,6774
T1653,U138,9,2024,6774
T1654,U138,10,2024,6774
T1655,U138,11,2024,6774
T1656,U138,12,2024,6774
T1657,U139,1,2024,6986
T1658,U139,2,2024,6986
T1659,U139,3,2024,6986
T1660,U139,4,2024,6986
T1661,U139,5,2024,6986
T1662,U139,6,2024,6986
T1663,U139,7,2024,6986
T1664,U139,8,2024,6986
T1665,U139,9,2024,6986
T1666,U139,10,2024,6986
T1667,U139,11,2024,6986
T1668,U139,12,2024,6986
T1669,U140,1,2024,8245
T1670,U140,2,2024,8245
T1671,U140,3,2024,8245
T1672,U140,4,2024,8245
T1673,U140,5,2024,8245
T1674,U140,6,2024,8245
T1675,U140,7,2024,8245
T1676,U140,8,2024,8245
T1677,U140,9,2024,8245
T1678,U140,10,2024,8245
T1679,U140,11,2024,8245
T1680,U140,12,2024,8245
T1681,U141,1,2024,6905
T1682,U141,2,2024,6905
T1683,U141,3,2024,6905
T1684,U141,4,2024,6905
T1685,U141,5,2024,6905
T1686,U141,6,2024,6905
T1687,U141,7,2024,6905
T1688,U141,8,2024,6905
T1689,U141,9,2024,6905
T1690,U141,10,2024,6905
T1691,U141,11,2024,6905
T1692,U141,12,2024,6905
T1693,U142,1,2024,8034
T1694,U142,2,2024,8034
T1695,U142,3,2024,8034
T1696,U142,4,2024,8034
T1697,U142,5,2024,8034
T1698,U142,6,2024,8034
T1699,U142,7,2024,8034
T1700,U142,8,2024,8034
T1701,U142,9,2024,8034
T1702,U142,10,2024,8034
T1703,U142,11,2024,8034
T1704,U142,12,2024,8034
T1705,U143,1,2024,7979
T1706,U143,2,2024,7979
T1707,U143,3,2024,7979
T1708,U143,4,2024,7979
T1709,U143,5,2024,7979
T1710,U143,6,2024,7979
T1711,U143,7,2024,7979
T1712,U143,8,2024,7979
T1713,U143,9,2024,7979
T1714,U143,10,2024,7979
T1715,U143,11,2024,7979
T1716,U143,12,2024,7979
T1717,U144,1,2024,7147
T1718,U144,2,2024,7147
T1719,U144,3,2024,7147
T1720,U144,4,2024,7147
T1721,U144,5,2024,7147
T1722,U144,6,2024,7147
T1723,U144,7,2024,7147
T1724,U144,8,2024,7147
T1725,U144,9,2024,7147
T1726,U144,10,2024,7147
T1727,U144,11,2024,7147
T1728,U144,12,2024,7147
T1729,U145,1,2024,14242
T1730,U145,2,2024,14242
T1731,U145,3,2024,14242
T1732,U145,4,2024,14242
T1733,U145,5,2024,14242
T1734,U145,6,2024,14242
T1735,U145,7,2024,14242
T1736,U145,8,2024,14242
T1737,U145,9,2024,14242
T1738,U145,10,2024,14242
T1739,U145,11,2024,14242
T1740,U145,12,2024,14242
T1741,U146,1,2024,13991
T1742,U146,2,2024,13991
T1743,U146,3,2024,13991
T1744,U146,4,2024,13991
T1745,U146,5,2024,13991
T1746,U146,6,2024,13991
T1747,U146,7,2024,13991
T1748,U146,8,2024,13991
T1749,U146,9,2024,13991
T1750,U146,10,2024,13991
T1751,U146,11,2024,13991
T1752,U146,12,2024,13991
T1753,U147,1,2024,7075
T1754,U147,2,2024,7075
T1755,U147,3,2024,7075
T1756,U147,4,2024,7075
T1757,U147,5,2024,7075
T1758,U147,6,2024,7075
T1759,U147,7,2024,7075
T1760,U147,8,2024,7075
T1761,U147,9,2024,7075
T1762,U147,10,2024,7075
T1763,U147,11,2024,7075
T1764,U147,12,2024,7075
T1765,U148,1,2024,14142
T1766,U148,2,2024,14142
T1767,U148,3,2024,14142
T1768,U148,4,2024,14142
T1769,U148,5,2024,14142
T1770,U148,6,2024,14142
T1771,U148,7,2024,14142
T1772,U148,8,2024,14142
T1773,U148,9,2024,14142
T1774,U148,10,2024,14142
T1775,U148,11,2024,14142
T1776,U148,12,2024,14142
T1777,U149,1,2024,14048
T1778,U149,2,2024,14048
T1779,U149,3,2024,14048
T1780,U149,4,2024,14048
T1781,U149,5,2024,14048
T1782,U149,6,2024,14048
T1783,U149,7,2024,14048
T1784,U149,8,2024,14048
T1785,U149,9,2024,14048
T1786,U149,10,2024,14048
T1787,U149,11,2024,14048
T1788,U149,12,2024,14048
T1789,U150,1,2024,7235
T1790,U150,2,2024,7235
T1791,U150,3,2024,7235
T1792,U150,4,2024,7235
T1793,U150,5,2024,7235
T1794,U150,6,2024,7235
T1795,U150,7,2024,7235
T1796,U150,8,2024,7235
T1797,U150,9,2024,7235
T1798,U150,10,2024,7235
T1799,U150,11,2024,7235
T1800,U150,12,2024,7235
